employee_number,age,attrition,business_travel,department,distance_from_home,education,education_field,environment_satisfaction,gender,job_involvement,job_role,job_satisfaction,marital_status,monthly_income,num_companies_worked,over_time,percent_salary_hike,performance_rating,relationship_satisfaction,training_times_last_year,work_life_balance
1,41,Yes,Travel_Rarely,Sales,1,Some college,Life Sciences,Medium,Female,High,Sales Executive,Very high,Single,5993,8,Yes,11,Excellent,Low,0,Bad
2,49,No,Travel_Frequently,Research & Development,8,No college,Life Sciences,High,Male,Medium,Research Scientist,Medium,Married,5130,1,No,23,Outstanding,Very high,3,Better
3,37,Yes,Travel_Rarely,Research & Development,2,Some college,Other,Very high,Male,Medium,Laboratory Technician,High,Single,2090,6,Yes,15,Excellent,Medium,3,Better
4,33,No,Travel_Frequently,Research & Development,3,Masters,Life Sciences,Very high,Female,High,Research Scientist,High,Married,2909,1,Yes,11,Excellent,High,3,Better
5,27,No,Travel_Rarely,Research & Development,2,No college,Medical,Low,Male,High,Laboratory Technician,Medium,Married,3468,9,No,12,Excellent,Very high,3,Better
6,32,No,Travel_Frequently,Research & Development,2,Some college,Life Sciences,Very high,Male,High,Laboratory Technician,Very high,Single,3068,0,No,13,Excellent,High,2,Good
7,59,No,Travel_Rarely,Research & Development,3,Bachelors,Medical,High,Female,Very high,Laboratory Technician,Low,Married,2670,4,Yes,20,Outstanding,Low,3,Good
8,30,No,Travel_Rarely,Research & Development,24,No college,Life Sciences,Very high,Male,High,Laboratory Technician,High,Divorced,2693,1,No,22,Outstanding,Medium,2,Better
9,38,No,Travel_Frequently,Research & Development,23,Bachelors,Life Sciences,Very high,Male,Medium,Manufacturing Director,High,Single,9526,0,No,21,Outstanding,Medium,2,Better
10,36,No,Travel_Rarely,Research & Development,27,Bachelors,Medical,High,Male,High,Healthcare Representative,High,Married,5237,6,No,13,Excellent,Medium,3,Good
11,35,No,Travel_Rarely,Research & Development,16,Bachelors,Medical,Low,Male,Very high,Laboratory Technician,Medium,Married,2426,0,No,13,Excellent,High,5,Better
12,29,No,Travel_Rarely,Research & Development,15,Some college,Life Sciences,Very high,Female,Medium,Laboratory Technician,High,Single,4193,0,Yes,12,Excellent,Very high,3,Better
13,31,No,Travel_Rarely,Research & Development,26,No college,Life Sciences,Low,Male,High,Research Scientist,High,Divorced,2911,1,No,17,Excellent,Very high,1,Good
14,34,No,Travel_Rarely,Research & Development,19,Some college,Medical,Medium,Male,High,Laboratory Technician,Very high,Divorced,2661,0,No,11,Excellent,High,2,Better
15,28,Yes,Travel_Rarely,Research & Development,24,Bachelors,Life Sciences,High,Male,Medium,Laboratory Technician,High,Single,2028,5,Yes,14,Excellent,Medium,4,Better
16,29,No,Travel_Rarely,Research & Development,21,Masters,Life Sciences,Medium,Female,Very high,Manufacturing Director,Low,Divorced,9980,1,No,11,Excellent,High,1,Better
17,32,No,Travel_Rarely,Research & Development,5,Some college,Life Sciences,Low,Male,Very high,Research Scientist,Medium,Divorced,3298,0,Yes,12,Excellent,Very high,5,Good
18,22,No,Non-Travel,Research & Development,16,Some college,Medical,Very high,Male,Very high,Laboratory Technician,Very high,Divorced,2935,1,Yes,13,Excellent,Medium,2,Good
19,53,No,Travel_Rarely,Sales,2,Masters,Life Sciences,Low,Female,Medium,Manager,Very high,Married,15427,2,No,16,Excellent,High,3,Better
20,38,No,Travel_Rarely,Research & Development,2,Bachelors,Life Sciences,Very high,Male,High,Research Scientist,Very high,Single,3944,5,Yes,11,Excellent,High,3,Better
21,24,No,Non-Travel,Research & Development,11,Some college,Other,Low,Female,Very high,Manufacturing Director,High,Divorced,4011,0,No,18,Excellent,Very high,5,Good
22,36,Yes,Travel_Rarely,Sales,9,Masters,Life Sciences,High,Male,Medium,Sales Representative,Low,Single,3407,7,No,23,Outstanding,Medium,4,Better
23,34,No,Travel_Rarely,Research & Development,7,Masters,Life Sciences,Low,Female,High,Research Director,Medium,Single,11994,0,No,11,Excellent,High,4,Better
24,21,No,Travel_Rarely,Research & Development,15,Some college,Life Sciences,High,Male,High,Research Scientist,Very high,Single,1232,1,No,14,Excellent,Very high,6,Better
25,34,Yes,Travel_Rarely,Research & Development,6,No college,Medical,Medium,Male,High,Research Scientist,Low,Single,2960,2,No,11,Excellent,High,2,Better
26,53,No,Travel_Rarely,Research & Development,5,Bachelors,Other,High,Female,High,Manager,High,Divorced,19094,4,No,11,Excellent,Very high,3,Good
27,32,Yes,Travel_Frequently,Research & Development,16,No college,Life Sciences,Medium,Female,Low,Research Scientist,Low,Single,3919,1,Yes,22,Outstanding,Medium,5,Better
28,42,No,Travel_Rarely,Sales,8,Masters,Marketing,High,Male,High,Sales Executive,Medium,Married,6825,0,No,11,Excellent,Very high,2,Better
29,44,No,Travel_Rarely,Research & Development,7,Masters,Medical,Low,Female,Medium,Healthcare Representative,Very high,Married,10248,3,No,14,Excellent,Very high,4,Better
30,46,No,Travel_Rarely,Sales,2,Masters,Marketing,Medium,Female,High,Manager,Low,Single,18947,3,No,12,Excellent,Very high,2,Good
31,33,No,Travel_Rarely,Research & Development,2,Bachelors,Medical,High,Male,High,Laboratory Technician,Very high,Single,2496,4,No,11,Excellent,Very high,3,Better
32,44,No,Travel_Rarely,Research & Development,10,Masters,Other,Very high,Male,High,Healthcare Representative,Very high,Married,6465,2,Yes,13,Excellent,Very high,5,Best
33,30,No,Travel_Rarely,Research & Development,9,Some college,Medical,Very high,Male,Medium,Laboratory Technician,High,Single,2206,1,No,13,Excellent,Low,5,Better
34,39,Yes,Travel_Rarely,Sales,5,Bachelors,Technical Degree,Very high,Male,High,Sales Representative,Very high,Married,2086,3,No,14,Excellent,High,6,Best
35,24,Yes,Travel_Rarely,Research & Development,1,Bachelors,Medical,Medium,Male,High,Research Scientist,Very high,Married,2293,2,Yes,16,Excellent,Low,2,Good
36,43,No,Travel_Rarely,Research & Development,2,Some college,Medical,Very high,Female,Very high,Research Scientist,High,Divorced,2645,1,No,12,Excellent,Very high,3,Good
37,50,Yes,Travel_Rarely,Sales,3,Some college,Marketing,Low,Male,Medium,Sales Representative,High,Married,2683,1,Yes,14,Excellent,High,2,Better
38,35,No,Travel_Rarely,Sales,2,Bachelors,Marketing,Very high,Female,High,Sales Representative,Very high,Married,2014,1,No,13,Excellent,Low,3,Better
39,36,No,Travel_Rarely,Research & Development,5,Masters,Life Sciences,Medium,Female,Medium,Research Scientist,Low,Married,3419,9,Yes,14,Excellent,Very high,3,Best
40,33,No,Travel_Frequently,Sales,1,Bachelors,Life Sciences,High,Female,Very high,Sales Executive,Low,Married,5376,2,No,19,Excellent,Low,3,Better
41,35,No,Travel_Rarely,Research & Development,4,Some college,Other,High,Male,High,Laboratory Technician,Very high,Divorced,1951,1,No,12,Excellent,High,3,Better
42,27,No,Travel_Rarely,Research & Development,2,Masters,Life Sciences,Very high,Female,High,Laboratory Technician,Low,Divorced,2341,1,No,13,Excellent,Very high,6,Better
43,26,Yes,Travel_Rarely,Research & Development,25,Bachelors,Life Sciences,Low,Male,Low,Laboratory Technician,High,Single,2293,1,No,12,Excellent,High,2,Good
44,27,No,Travel_Frequently,Sales,8,Bachelors,Life Sciences,Very high,Male,High,Sales Executive,High,Single,8726,1,No,15,Excellent,Very high,0,Better
45,30,No,Travel_Frequently,Research & Development,1,Some college,Medical,High,Female,High,Laboratory Technician,Very high,Single,4011,1,No,23,Outstanding,Very high,2,Better
46,41,Yes,Travel_Rarely,Research & Development,12,Bachelors,Technical Degree,Medium,Female,High,Research Director,High,Married,19545,1,No,12,Excellent,Very high,0,Better
47,34,No,Non-Travel,Sales,23,Masters,Marketing,Medium,Male,High,Sales Executive,High,Single,4568,0,No,20,Outstanding,High,2,Better
48,37,No,Travel_Rarely,Research & Development,19,Some college,Life Sciences,Medium,Male,High,Research Scientist,Medium,Married,3022,4,No,21,Outstanding,Low,1,Better
49,46,No,Travel_Frequently,Sales,5,Masters,Marketing,Low,Male,High,Sales Executive,Very high,Single,5772,4,Yes,21,Outstanding,High,4,Better
50,35,No,Travel_Rarely,Research & Development,8,No college,Life Sciences,Very high,Male,Very high,Laboratory Technician,Very high,Married,2269,1,No,19,Excellent,Very high,2,Better
51,48,Yes,Travel_Rarely,Research & Development,1,Some college,Life Sciences,Low,Male,Medium,Laboratory Technician,High,Single,5381,9,Yes,13,Excellent,Very high,2,Better
52,28,Yes,Travel_Rarely,Research & Development,5,Masters,Technical Degree,High,Male,High,Laboratory Technician,High,Single,3441,1,Yes,13,Excellent,High,3,Good
53,44,No,Travel_Rarely,Sales,1,Doctorate,Marketing,Medium,Female,High,Sales Executive,Low,Divorced,5454,5,Yes,21,Outstanding,High,2,Good
54,35,No,Non-Travel,Research & Development,11,Some college,Medical,High,Male,Medium,Healthcare Representative,Low,Married,9884,2,Yes,13,Excellent,High,3,Better
55,26,No,Travel_Rarely,Sales,23,Bachelors,Marketing,High,Female,Medium,Sales Executive,Very high,Married,4157,7,Yes,19,Excellent,High,2,Good
56,33,No,Travel_Frequently,Research & Development,1,Some college,Life Sciences,Low,Female,High,Research Director,Very high,Single,13458,1,Yes,12,Excellent,High,1,Better
57,35,No,Travel_Frequently,Sales,18,Doctorate,Life Sciences,Medium,Male,High,Sales Executive,Low,Married,9069,1,No,22,Outstanding,Very high,3,Good
58,35,No,Travel_Rarely,Research & Development,23,Masters,Medical,High,Female,High,Laboratory Technician,Low,Married,4014,3,Yes,15,Excellent,High,3,Better
59,31,No,Travel_Rarely,Research & Development,7,Masters,Life Sciences,Very high,Male,High,Laboratory Technician,Very high,Divorced,5915,3,No,22,Outstanding,Very high,3,Good
60,37,No,Travel_Rarely,Research & Development,1,Masters,Life Sciences,Low,Male,Medium,Manufacturing Director,High,Divorced,5993,1,No,18,Excellent,High,2,Best
61,32,No,Travel_Rarely,Research & Development,1,Bachelors,Medical,Low,Male,High,Manufacturing Director,Very high,Married,6162,1,Yes,22,Outstanding,Medium,3,Better
62,38,No,Travel_Frequently,Research & Development,29,Doctorate,Life Sciences,Very high,Female,High,Laboratory Technician,Very high,Single,2406,1,No,11,Excellent,Very high,2,Better
63,50,No,Travel_Rarely,Research & Development,7,Some college,Medical,Medium,Female,Medium,Research Director,High,Divorced,18740,5,Yes,12,Excellent,Very high,2,Good
64,59,No,Travel_Rarely,Sales,25,Bachelors,Life Sciences,Low,Female,High,Sales Executive,Low,Single,7637,7,No,11,Excellent,Very high,3,Good
65,36,No,Travel_Rarely,Research & Development,8,Bachelors,Technical Degree,High,Female,High,Healthcare Representative,High,Divorced,10096,1,No,13,Excellent,Medium,2,Better
66,55,No,Travel_Rarely,Research & Development,8,Bachelors,Medical,Very high,Female,High,Manager,High,Divorced,14756,2,Yes,14,Excellent,High,2,Better
67,36,No,Travel_Frequently,Research & Development,11,Bachelors,Life Sciences,Medium,Male,Medium,Manufacturing Director,Medium,Single,6499,1,No,13,Excellent,High,3,Better
68,45,No,Travel_Rarely,Research & Development,7,Bachelors,Life Sciences,Medium,Male,High,Research Scientist,Low,Divorced,9724,2,No,17,Excellent,High,2,Better
69,35,No,Travel_Frequently,Research & Development,1,Bachelors,Medical,Medium,Male,High,Research Scientist,Low,Married,2194,4,No,13,Excellent,Very high,2,Good
70,36,Yes,Travel_Rarely,Research & Development,9,Bachelors,Medical,Very high,Male,Medium,Research Scientist,High,Married,3388,0,Yes,17,Excellent,Low,0,Good
71,59,No,Travel_Frequently,Sales,1,No college,Life Sciences,Low,Female,Medium,Sales Executive,High,Single,5473,7,No,11,Excellent,Very high,2,Good
72,29,No,Travel_Rarely,Research & Development,2,Bachelors,Life Sciences,High,Male,High,Research Scientist,Medium,Married,2703,0,No,23,Outstanding,Very high,3,Better
73,31,No,Travel_Rarely,Research & Development,1,Masters,Medical,High,Male,High,Research Scientist,Medium,Single,2501,1,No,17,Excellent,Medium,4,Better
74,32,No,Travel_Rarely,Research & Development,1,Bachelors,Life Sciences,Medium,Male,High,Research Scientist,Medium,Married,6220,1,No,17,Excellent,Medium,3,Better
75,36,No,Travel_Rarely,Research & Development,6,Bachelors,Life Sciences,Medium,Female,Very high,Laboratory Technician,Very high,Married,3038,3,No,12,Excellent,Medium,3,Better
76,31,No,Travel_Rarely,Research & Development,8,Masters,Life Sciences,High,Female,High,Manufacturing Director,Very high,Single,4424,1,No,23,Outstanding,Very high,2,Better
77,35,No,Travel_Rarely,Sales,1,Masters,Marketing,High,Male,Medium,Sales Executive,Low,Single,4312,0,No,14,Excellent,Medium,2,Better
78,45,No,Travel_Rarely,Research & Development,6,Masters,Other,Very high,Male,High,Research Director,Low,Married,13245,4,Yes,14,Excellent,Medium,3,Best
79,37,No,Travel_Rarely,Research & Development,7,Masters,Medical,Low,Male,High,Research Director,High,Single,13664,4,No,13,Excellent,Low,3,Best
80,46,No,Travel_Rarely,Human Resources,5,Some college,Medical,Medium,Male,High,Human Resources,Medium,Divorced,5021,8,Yes,22,Outstanding,Very high,2,Better
81,30,No,Travel_Rarely,Research & Development,1,No college,Life Sciences,Very high,Male,Medium,Laboratory Technician,Very high,Married,5126,1,Yes,12,Excellent,High,1,Good
82,35,No,Travel_Rarely,Research & Development,1,Bachelors,Medical,Medium,Male,Medium,Research Scientist,High,Single,2859,1,No,18,Excellent,Low,3,Better
83,55,No,Travel_Rarely,Sales,1,Some college,Life Sciences,Low,Male,High,Sales Executive,Very high,Married,10239,3,No,14,Excellent,Very high,4,Better
84,38,No,Non-Travel,Research & Development,6,Bachelors,Medical,Medium,Female,Low,Research Scientist,Very high,Divorced,5329,7,Yes,12,Excellent,Very high,3,Better
85,34,No,Travel_Rarely,Research & Development,1,Some college,Medical,Low,Male,High,Manufacturing Director,Medium,Married,4325,1,No,15,Excellent,High,2,Better
86,56,No,Travel_Rarely,Research & Development,7,Bachelors,Life Sciences,Very high,Male,Low,Manufacturing Director,Very high,Single,7260,4,No,11,Excellent,Low,3,Good
87,23,No,Travel_Rarely,Sales,2,No college,Technical Degree,High,Male,High,Sales Representative,Low,Divorced,2322,3,No,13,Excellent,High,3,Better
88,51,No,Travel_Rarely,Research & Development,9,Masters,Life Sciences,Very high,Male,High,Laboratory Technician,Very high,Married,2075,3,No,23,Outstanding,Medium,4,Better
89,30,No,Travel_Rarely,Research & Development,2,Bachelors,Life Sciences,High,Male,Medium,Healthcare Representative,Very high,Married,4152,1,No,19,Excellent,Low,3,Better
90,46,Yes,Travel_Rarely,Sales,9,Some college,Medical,High,Male,Medium,Sales Executive,Very high,Single,9619,1,No,16,Excellent,Very high,3,Better
91,40,No,Travel_Frequently,Research & Development,1,Masters,Life Sciences,High,Male,Medium,Healthcare Representative,Medium,Married,13503,1,No,22,Outstanding,Very high,3,Good
92,51,No,Travel_Rarely,Sales,21,Masters,Marketing,High,Male,High,Sales Executive,Very high,Single,5441,0,Yes,22,Outstanding,Very high,2,Bad
93,30,No,Travel_Rarely,Sales,4,Some college,Medical,High,Female,Medium,Sales Executive,Medium,Divorced,5209,1,Yes,12,Excellent,Medium,4,Good
94,46,No,Travel_Frequently,Research & Development,1,Bachelors,Medical,High,Male,Medium,Healthcare Representative,Low,Married,10673,2,Yes,13,Excellent,High,5,Good
95,32,No,Travel_Rarely,Sales,6,Masters,Medical,Medium,Male,High,Sales Executive,High,Single,5010,1,No,16,Excellent,Low,0,Better
96,54,No,Travel_Rarely,Research & Development,2,Masters,Technical Degree,Low,Female,High,Research Director,High,Married,13549,9,No,12,Excellent,Low,5,Bad
97,24,No,Travel_Rarely,Sales,3,Some college,Other,Low,Female,High,Sales Executive,High,Married,4999,0,No,21,Outstanding,Low,2,Good
98,28,No,Non-Travel,Sales,4,Bachelors,Medical,Medium,Male,High,Sales Executive,High,Married,4221,1,No,15,Excellent,Medium,3,Best
99,58,No,Travel_Rarely,Sales,10,Masters,Medical,Very high,Male,High,Sales Executive,High,Single,13872,0,No,13,Excellent,High,1,Good
100,44,No,Non-Travel,Research & Development,23,Bachelors,Medical,Medium,Male,High,Laboratory Technician,Medium,Married,2042,4,No,12,Excellent,High,3,Best
101,37,Yes,Travel_Rarely,Human Resources,6,Masters,Human Resources,High,Male,High,Human Resources,Low,Divorced,2073,4,Yes,22,Outstanding,Very high,3,Better
102,32,No,Travel_Rarely,Research & Development,1,No college,Life Sciences,Very high,Male,High,Research Scientist,Low,Single,2956,1,No,13,Excellent,Very high,2,Better
103,20,Yes,Travel_Frequently,Research & Development,6,Bachelors,Life Sciences,Very high,Female,Medium,Laboratory Technician,Very high,Single,2926,1,Yes,18,Excellent,Medium,5,Better
104,34,No,Travel_Rarely,Research & Development,6,Masters,Other,Low,Female,High,Research Scientist,High,Single,4809,1,No,14,Excellent,High,3,Better
105,37,No,Non-Travel,Research & Development,2,Some college,Life Sciences,High,Male,Medium,Healthcare Representative,Very high,Divorced,5163,5,No,14,Excellent,Very high,2,Best
106,59,No,Non-Travel,Human Resources,2,Masters,Human Resources,High,Female,Medium,Manager,Very high,Married,18844,9,No,21,Outstanding,Very high,3,Better
107,50,No,Travel_Frequently,Research & Development,1,Bachelors,Life Sciences,Low,Female,High,Research Director,Medium,Married,18172,3,Yes,19,Excellent,Low,1,Good
108,25,Yes,Travel_Rarely,Sales,5,Bachelors,Marketing,High,Male,Medium,Sales Executive,High,Single,5744,1,Yes,11,Excellent,Very high,1,Better
109,25,No,Travel_Rarely,Research & Development,7,No college,Medical,Very high,Male,Medium,Research Scientist,Very high,Married,2889,1,No,11,Excellent,High,2,Better
110,22,No,Travel_Rarely,Research & Development,15,Bachelors,Medical,Medium,Female,High,Laboratory Technician,Very high,Single,2871,1,No,15,Excellent,High,5,Better
111,51,No,Travel_Frequently,Research & Development,1,Masters,Medical,Low,Female,Medium,Healthcare Representative,Low,Single,7484,3,No,20,Outstanding,High,1,Good
112,34,Yes,Travel_Frequently,Research & Development,7,Bachelors,Life Sciences,Low,Male,Low,Laboratory Technician,High,Single,6074,1,Yes,24,Outstanding,Very high,3,Better
113,54,No,Non-Travel,Human Resources,26,Bachelors,Human Resources,Very high,Female,Very high,Manager,Very high,Single,17328,2,Yes,12,Excellent,High,3,Better
114,24,No,Travel_Rarely,Research & Development,18,No college,Life Sciences,Medium,Male,High,Laboratory Technician,High,Married,2774,0,No,12,Excellent,High,2,Better
115,34,No,Travel_Rarely,Research & Development,6,Masters,Life Sciences,High,Female,Medium,Research Scientist,Medium,Divorced,4505,6,No,15,Excellent,High,3,Better
116,37,No,Travel_Rarely,Sales,3,Bachelors,Life Sciences,High,Male,High,Sales Executive,Very high,Single,7428,2,No,12,Excellent,Low,3,Better
117,34,No,Travel_Rarely,Research & Development,5,Bachelors,Medical,High,Female,Medium,Manager,Low,Single,11631,2,No,12,Excellent,Very high,6,Better
118,36,No,Travel_Frequently,Sales,11,Some college,Technical Degree,Medium,Female,High,Sales Executive,Very high,Married,9738,0,No,14,Excellent,High,6,Better
119,36,No,Travel_Rarely,Research & Development,3,Some college,Life Sciences,Low,Female,High,Laboratory Technician,Very high,Divorced,2835,5,No,22,Outstanding,Low,2,Better
120,43,No,Travel_Frequently,Sales,26,Some college,Life Sciences,High,Male,High,Manager,Very high,Married,16959,1,Yes,12,Excellent,Very high,3,Best
121,30,No,Travel_Frequently,Research & Development,23,Bachelors,Life Sciences,Low,Male,Low,Research Scientist,High,Divorced,2613,1,No,25,Outstanding,High,2,Good
122,33,No,Non-Travel,Sales,22,Some college,Marketing,High,Male,High,Sales Executive,Medium,Married,6146,0,No,13,Excellent,Low,2,Best
123,56,Yes,Travel_Rarely,Research & Development,14,Masters,Life Sciences,Medium,Female,High,Research Scientist,Medium,Married,4963,9,Yes,18,Excellent,Low,2,Better
124,51,No,Travel_Rarely,Research & Development,6,Bachelors,Life Sciences,Low,Male,High,Research Director,High,Single,19537,7,No,13,Excellent,High,5,Better
125,31,Yes,Travel_Rarely,Sales,6,Masters,Life Sciences,Medium,Male,Low,Sales Executive,High,Married,6172,4,Yes,18,Excellent,Medium,3,Good
126,26,No,Travel_Rarely,Research & Development,6,Bachelors,Other,High,Female,Medium,Research Scientist,Medium,Married,2368,1,No,19,Excellent,High,3,Good
127,58,Yes,Travel_Rarely,Research & Development,23,Masters,Medical,Very high,Female,High,Healthcare Representative,Very high,Married,10312,1,No,12,Excellent,Very high,3,Good
128,19,Yes,Travel_Rarely,Sales,22,No college,Marketing,Very high,Male,High,Sales Representative,High,Single,1675,1,Yes,19,Excellent,Very high,2,Good
129,22,No,Travel_Rarely,Research & Development,2,No college,Technical Degree,High,Male,High,Laboratory Technician,Very high,Married,2523,0,No,14,Excellent,High,2,Better
130,49,No,Travel_Rarely,Research & Development,20,Masters,Medical,High,Female,High,Manufacturing Director,Low,Married,6567,1,No,14,Excellent,High,2,Good
131,43,No,Travel_Frequently,Research & Development,28,Bachelors,Medical,Medium,Female,Very high,Research Scientist,High,Single,4739,4,No,12,Excellent,Very high,2,Better
132,50,No,Travel_Frequently,Sales,12,Bachelors,Marketing,High,Female,High,Sales Executive,Very high,Single,9208,4,No,11,Excellent,Very high,3,Better
133,31,Yes,Travel_Rarely,Sales,20,Bachelors,Life Sciences,Medium,Female,Low,Sales Executive,High,Married,4559,3,Yes,11,Excellent,High,2,Better
134,41,No,Travel_Rarely,Sales,9,No college,Life Sciences,High,Male,High,Sales Executive,High,Divorced,8189,3,Yes,13,Excellent,High,2,Better
135,26,No,Travel_Rarely,Human Resources,25,No college,Life Sciences,High,Female,High,Human Resources,High,Married,2942,1,No,23,Outstanding,Very high,3,Better
136,36,No,Travel_Rarely,Research & Development,6,Some college,Medical,Medium,Male,High,Manufacturing Director,Medium,Divorced,4941,6,No,20,Outstanding,Very high,0,Better
137,51,Yes,Travel_Frequently,Research & Development,8,Masters,Life Sciences,Low,Male,Low,Manufacturing Director,Very high,Single,10650,2,No,15,Excellent,Very high,2,Better
138,39,No,Travel_Rarely,Sales,4,Masters,Life Sciences,Very high,Female,Medium,Sales Executive,High,Married,5902,4,No,14,Excellent,High,1,Best
139,25,No,Travel_Rarely,Sales,28,Bachelors,Life Sciences,Low,Male,Medium,Sales Executive,High,Married,8639,2,No,18,Excellent,Very high,3,Better
140,30,No,Travel_Rarely,Human Resources,9,Bachelors,Human Resources,High,Male,High,Human Resources,Very high,Married,6347,0,Yes,19,Excellent,Very high,2,Bad
141,32,Yes,Travel_Rarely,Research & Development,9,Bachelors,Medical,Low,Female,High,Laboratory Technician,Low,Single,4200,7,No,22,Outstanding,Low,2,Best
142,45,No,Travel_Rarely,Research & Development,29,Bachelors,Medical,High,Male,High,Research Scientist,Very high,Single,3452,5,No,13,Excellent,Medium,2,Good
143,38,No,Travel_Rarely,Research & Development,3,Doctorate,Technical Degree,Very high,Female,High,Research Scientist,High,Single,4317,3,Yes,20,Outstanding,Medium,2,Better
144,30,No,Travel_Rarely,Research & Development,18,Bachelors,Life Sciences,Low,Female,High,Research Scientist,High,Single,2632,1,No,14,Excellent,High,4,Good
145,32,No,Travel_Frequently,Sales,9,Some college,Medical,Very high,Male,Low,Sales Executive,Very high,Divorced,4668,0,No,17,Excellent,Very high,2,Best
146,30,No,Travel_Rarely,Research & Development,5,Bachelors,Technical Degree,Very high,Female,High,Research Scientist,Low,Divorced,3204,5,No,14,Excellent,Very high,3,Better
147,30,No,Travel_Rarely,Research & Development,2,No college,Medical,Medium,Male,Medium,Laboratory Technician,Very high,Single,2720,0,No,13,Excellent,Very high,3,Better
148,41,No,Travel_Frequently,Research & Development,10,Bachelors,Life Sciences,Very high,Male,Medium,Manager,Low,Divorced,17181,4,No,13,Excellent,Medium,2,Good
149,41,No,Travel_Rarely,Research & Development,9,Masters,Life Sciences,High,Male,High,Laboratory Technician,Low,Married,2238,2,No,21,Outstanding,Very high,2,Better
150,19,No,Travel_Rarely,Research & Development,3,No college,Medical,Medium,Female,High,Laboratory Technician,Medium,Single,1483,1,No,14,Excellent,Very high,3,Better
151,40,No,Travel_Frequently,Research & Development,26,Bachelors,Medical,Medium,Female,High,Research Scientist,Medium,Divorced,5605,1,No,11,Excellent,Low,2,Better
152,35,No,Travel_Rarely,Sales,1,Doctorate,Marketing,High,Male,High,Sales Executive,Medium,Married,7295,1,No,13,Excellent,Low,3,Better
153,53,No,Travel_Rarely,Sales,6,Some college,Marketing,Medium,Male,High,Sales Representative,High,Married,2306,2,Yes,20,Outstanding,Very high,3,Bad
154,45,No,Travel_Rarely,Research & Development,9,Bachelors,Life Sciences,Medium,Male,High,Laboratory Technician,Medium,Divorced,2348,8,No,18,Excellent,High,2,Bad
155,32,No,Travel_Frequently,Sales,8,Bachelors,Marketing,Medium,Female,High,Sales Executive,Very high,Single,8998,1,No,14,Excellent,Very high,2,Better
156,29,No,Non-Travel,Research & Development,1,No college,Technical Degree,Very high,Male,High,Manufacturing Director,High,Married,4319,1,No,13,Excellent,Low,1,Better
157,51,No,Travel_Rarely,Research & Development,7,Masters,Medical,Medium,Male,Medium,Manufacturing Director,High,Married,6132,2,No,17,Excellent,High,2,Better
158,58,No,Travel_Rarely,Research & Development,9,Bachelors,Medical,Medium,Female,Medium,Research Scientist,Medium,Married,3346,4,Yes,20,Outstanding,Medium,3,Good
159,40,No,Travel_Rarely,Sales,4,Masters,Marketing,High,Male,Medium,Sales Executive,Very high,Married,10855,7,No,11,Excellent,Low,2,Good
160,34,No,Travel_Frequently,Sales,2,Masters,Marketing,High,Female,High,Sales Representative,High,Married,2231,6,No,18,Excellent,Very high,3,Better
161,22,No,Travel_Rarely,Research & Development,19,No college,Medical,High,Male,High,Research Scientist,Very high,Married,2323,1,No,24,Outstanding,Low,6,Better
162,27,No,Non-Travel,Research & Development,9,Bachelors,Medical,Very high,Male,High,Research Scientist,Medium,Divorced,2024,6,No,18,Excellent,Very high,1,Bad
163,28,No,Travel_Rarely,Research & Development,21,Bachelors,Medical,High,Male,High,Research Scientist,Very high,Married,2713,1,No,11,Excellent,High,2,Bad
164,57,No,Travel_Rarely,Research & Development,24,Some college,Life Sciences,High,Male,Very high,Healthcare Representative,Very high,Divorced,9439,3,Yes,16,Excellent,Medium,2,Bad
165,27,No,Non-Travel,Research & Development,3,Bachelors,Medical,High,Male,Medium,Research Scientist,High,Divorced,2566,1,Yes,15,Excellent,Very high,2,Good
166,50,No,Travel_Rarely,Research & Development,11,Bachelors,Life Sciences,High,Female,High,Manager,Medium,Single,19926,3,No,15,Excellent,Medium,5,Better
167,41,No,Travel_Rarely,Research & Development,14,Bachelors,Life Sciences,Low,Male,High,Research Scientist,High,Divorced,2451,4,No,12,Excellent,Low,2,Better
168,30,No,Travel_Rarely,Sales,5,Bachelors,Life Sciences,Medium,Female,High,Sales Executive,Very high,Married,9419,2,No,12,Excellent,High,2,Better
169,38,No,Travel_Rarely,Sales,1,Masters,Life Sciences,Low,Female,Medium,Sales Executive,Very high,Single,8686,4,No,22,Outstanding,High,2,Best
170,32,No,Travel_Rarely,Research & Development,6,Doctorate,Life Sciences,High,Male,High,Research Scientist,High,Single,3038,3,No,20,Outstanding,Low,2,Better
171,27,No,Travel_Rarely,Research & Development,17,Bachelors,Technical Degree,High,Male,High,Research Scientist,Medium,Married,3058,0,Yes,16,Excellent,Very high,3,Good
172,19,Yes,Travel_Frequently,Sales,1,No college,Technical Degree,High,Female,Low,Sales Representative,Low,Single,2325,0,No,21,Outstanding,Low,5,Best
173,36,No,Travel_Frequently,Research & Development,3,Some college,Medical,Very high,Male,High,Laboratory Technician,Medium,Single,2088,4,No,12,Excellent,High,3,Good
174,30,No,Non-Travel,Research & Development,9,Bachelors,Medical,High,Male,High,Laboratory Technician,Low,Divorced,3072,1,No,11,Excellent,High,4,Better
175,45,No,Travel_Rarely,Sales,4,Some college,Life Sciences,High,Female,High,Sales Executive,Low,Divorced,5006,4,Yes,11,Excellent,Low,3,Best
176,56,No,Travel_Rarely,Research & Development,8,Bachelors,Life Sciences,High,Female,High,Research Scientist,Low,Divorced,4257,4,Yes,18,Excellent,High,3,Better
177,33,No,Travel_Rarely,Research & Development,2,Bachelors,Life Sciences,High,Male,High,Research Scientist,Very high,Single,2500,0,No,14,Excellent,Low,2,Best
178,19,Yes,Travel_Rarely,Research & Development,2,Bachelors,Life Sciences,Medium,Male,Medium,Laboratory Technician,Very high,Single,1102,1,No,22,Outstanding,High,3,Good
179,46,No,Travel_Rarely,Sales,1,Some college,Marketing,Medium,Female,High,Sales Executive,Low,Divorced,10453,1,No,25,Outstanding,High,2,Better
180,38,No,Travel_Rarely,Research & Development,9,Some college,Life Sciences,High,Female,High,Laboratory Technician,Very high,Single,2288,1,No,12,Excellent,High,3,Better
181,31,No,Travel_Rarely,Research & Development,12,No college,Medical,High,Female,High,Research Scientist,Very high,Married,3929,8,Yes,23,Outstanding,High,0,Better
182,34,No,Travel_Rarely,Research & Development,27,Some college,Medical,Very high,Female,High,Research Scientist,Medium,Single,2311,2,No,15,Excellent,Very high,3,Better
183,41,Yes,Travel_Rarely,Sales,20,Some college,Marketing,Medium,Female,High,Sales Representative,Medium,Single,3140,1,Yes,22,Outstanding,Very high,5,Good
184,50,No,Travel_Rarely,Research & Development,1,Bachelors,Medical,High,Male,Medium,Laboratory Technician,High,Married,3690,2,No,15,Excellent,Very high,2,Good
185,53,No,Travel_Rarely,Research & Development,13,Some college,Medical,Very high,Female,Very high,Manufacturing Director,Low,Divorced,4450,1,No,11,Excellent,High,3,Better
186,33,No,Travel_Rarely,Research & Development,14,Bachelors,Medical,Very high,Female,High,Research Scientist,Medium,Married,2756,1,No,13,Excellent,Very high,5,Better
187,40,No,Travel_Rarely,Research & Development,4,No college,Medical,Very high,Female,High,Manager,High,Married,19033,1,No,14,Excellent,Medium,2,Better
188,55,No,Travel_Rarely,Research & Development,14,Masters,Medical,High,Male,Very high,Research Director,Medium,Single,18722,8,No,11,Excellent,Very high,3,Better
189,34,No,Travel_Frequently,Research & Development,2,No college,Life Sciences,Very high,Male,Medium,Manufacturing Director,High,Married,9547,1,No,17,Excellent,High,2,Good
190,51,No,Travel_Rarely,Research & Development,3,Bachelors,Medical,Very high,Female,High,Healthcare Representative,Medium,Single,13734,3,No,18,Excellent,High,6,Better
191,52,No,Travel_Rarely,Research & Development,1,Masters,Life Sciences,High,Male,Medium,Manager,High,Married,19999,0,No,14,Excellent,Low,5,Better
192,27,No,Travel_Rarely,Research & Development,9,Bachelors,Medical,Very high,Female,High,Research Scientist,Medium,Single,2279,1,No,16,Excellent,Very high,2,Good
193,35,Yes,Travel_Rarely,Research & Development,23,Some college,Life Sciences,Medium,Male,Medium,Manufacturing Director,High,Married,5916,3,Yes,13,Excellent,Low,1,Better
194,43,No,Non-Travel,Research & Development,7,Bachelors,Medical,Very high,Male,Very high,Research Scientist,Very high,Divorced,2089,4,No,14,Excellent,Very high,3,Best
195,45,No,Non-Travel,Research & Development,2,Some college,Medical,Low,Male,Medium,Manager,Very high,Married,16792,9,No,23,Outstanding,Very high,1,Better
196,37,No,Travel_Rarely,Research & Development,21,Bachelors,Life Sciences,Medium,Male,Very high,Research Scientist,Low,Married,3564,1,Yes,12,Excellent,Low,3,Good
197,35,No,Travel_Frequently,Research & Development,2,Bachelors,Medical,Medium,Female,High,Laboratory Technician,Medium,Single,4425,5,No,11,Excellent,Very high,5,Better
198,42,No,Non-Travel,Research & Development,21,Some college,Medical,High,Female,High,Manufacturing Director,High,Divorced,5265,2,No,16,Excellent,Medium,5,Better
199,38,No,Travel_Rarely,Research & Development,2,Masters,Life Sciences,Very high,Male,High,Manufacturing Director,High,Married,6553,9,No,14,Excellent,Medium,3,Better
200,38,No,Travel_Rarely,Research & Development,29,Bachelors,Technical Degree,Very high,Male,High,Manufacturing Director,Very high,Married,6261,3,No,18,Excellent,Low,3,Bad
201,27,No,Travel_Frequently,Research & Development,1,No college,Technical Degree,High,Male,Medium,Manufacturing Director,Low,Married,4298,5,No,19,Excellent,High,1,Better
202,49,No,Non-Travel,Research & Development,18,Masters,Life Sciences,Very high,Male,High,Manufacturing Director,Very high,Divorced,6804,1,Yes,15,Excellent,Low,0,Better
203,34,No,Travel_Frequently,Research & Development,10,Masters,Medical,Very high,Male,High,Research Scientist,High,Divorced,3815,1,Yes,17,Excellent,Very high,4,Best
204,40,No,Travel_Rarely,Research & Development,19,Some college,Medical,High,Male,High,Laboratory Technician,Very high,Married,2741,8,Yes,15,Excellent,High,2,Best
205,38,Yes,Travel_Rarely,Research & Development,29,No college,Medical,Medium,Male,High,Healthcare Representative,Low,Married,6673,7,Yes,19,Excellent,Medium,2,Better
206,29,Yes,Travel_Rarely,Sales,27,Bachelors,Marketing,Medium,Female,High,Sales Executive,Very high,Married,7639,1,No,22,Outstanding,Very high,3,Good
207,22,No,Travel_Rarely,Research & Development,5,Bachelors,Life Sciences,Very high,Male,Very high,Research Scientist,Medium,Divorced,2328,1,Yes,16,Excellent,Low,2,Good
208,36,No,Travel_Frequently,Research & Development,18,No college,Medical,Medium,Female,High,Laboratory Technician,Very high,Single,2153,1,No,13,Excellent,Low,2,Better
209,40,No,Non-Travel,Research & Development,9,Doctorate,Life Sciences,Very high,Male,Medium,Healthcare Representative,Very high,Married,4876,9,No,14,Excellent,Very high,5,Bad
210,46,No,Travel_Rarely,Research & Development,1,Masters,Medical,Very high,Male,High,Healthcare Representative,Low,Divorced,9396,7,No,16,Excellent,High,3,Better
211,32,Yes,Travel_Rarely,Sales,4,Masters,Medical,Very high,Male,Low,Sales Executive,Very high,Married,10400,1,No,11,Excellent,High,2,Good
212,30,No,Non-Travel,Research & Development,1,No college,Life Sciences,High,Male,Medium,Manufacturing Director,High,Single,8474,1,No,22,Outstanding,High,2,Better
213,27,No,Travel_Frequently,Sales,20,Bachelors,Life Sciences,Very high,Female,High,Sales Executive,High,Single,9981,1,No,14,Excellent,Very high,2,Better
214,51,No,Travel_Rarely,Research & Development,8,Masters,Life Sciences,Medium,Male,Medium,Research Director,Medium,Married,12490,5,No,16,Excellent,Very high,5,Bad
215,30,Yes,Travel_Rarely,Research & Development,3,Bachelors,Technical Degree,Very high,Female,High,Research Scientist,Low,Single,2657,5,Yes,11,Excellent,High,5,Better
216,41,No,Travel_Rarely,Sales,6,Bachelors,Life Sciences,Very high,Female,High,Manager,Very high,Single,13591,3,Yes,18,Excellent,High,3,Better
217,30,Yes,Travel_Frequently,Sales,26,Masters,Marketing,High,Female,Medium,Sales Executive,Low,Single,6696,5,No,15,Excellent,High,5,Good
218,29,Yes,Travel_Rarely,Research & Development,1,Bachelors,Technical Degree,High,Male,High,Research Scientist,High,Single,2058,0,No,14,Excellent,Very high,1,Good
219,45,No,Non-Travel,Sales,6,Bachelors,Medical,Very high,Female,Medium,Sales Executive,Very high,Single,8865,6,No,12,Excellent,Very high,2,Better
220,54,No,Travel_Rarely,Sales,3,Bachelors,Marketing,Very high,Female,High,Sales Executive,Low,Married,5940,2,No,14,Excellent,Very high,4,Better
221,36,No,Travel_Rarely,Research & Development,5,Some college,Life Sciences,Very high,Male,High,Laboratory Technician,Medium,Single,5914,8,No,16,Excellent,Very high,3,Best
222,33,No,Travel_Rarely,Research & Development,4,Masters,Medical,High,Female,Medium,Research Scientist,Medium,Married,2622,6,No,21,Outstanding,Very high,3,Better
223,37,No,Travel_Frequently,Research & Development,11,Bachelors,Other,Medium,Male,High,Research Director,Very high,Divorced,12185,1,Yes,14,Excellent,High,1,Better
224,38,No,Travel_Rarely,Sales,3,Bachelors,Life Sciences,Low,Male,High,Sales Executive,High,Divorced,10609,0,No,12,Excellent,High,6,Good
225,31,No,Non-Travel,Research & Development,1,Masters,Medical,High,Male,Low,Manufacturing Director,High,Married,4345,0,No,12,Excellent,Very high,2,Better
226,59,No,Travel_Rarely,Research & Development,3,Bachelors,Life Sciences,High,Male,Medium,Research Scientist,Very high,Married,2177,3,No,17,Excellent,Low,6,Better
227,37,No,Travel_Frequently,Sales,4,Masters,Marketing,Low,Male,High,Sales Representative,Very high,Divorced,2793,4,No,17,Excellent,High,2,Better
228,29,No,Travel_Frequently,Sales,1,No college,Medical,Medium,Female,High,Sales Executive,Very high,Married,7918,1,No,14,Excellent,Very high,5,Better
229,35,No,Travel_Frequently,Sales,1,Bachelors,Marketing,High,Female,High,Sales Executive,High,Single,8789,1,No,14,Excellent,Low,3,Best
230,29,Yes,Travel_Rarely,Research & Development,18,No college,Medical,High,Male,Medium,Research Scientist,Very high,Single,2389,1,Yes,13,Excellent,High,3,Good
231,52,No,Travel_Rarely,Research & Development,2,Bachelors,Life Sciences,High,Female,Medium,Laboratory Technician,Very high,Single,3212,7,No,15,Excellent,Medium,3,Good
232,42,No,Travel_Rarely,Research & Development,4,Some college,Technical Degree,High,Male,High,Manager,Very high,Married,19232,1,No,11,Excellent,Very high,3,Better
233,59,No,Travel_Rarely,Human Resources,6,Some college,Medical,Medium,Male,High,Human Resources,High,Married,2267,8,No,17,Excellent,Very high,2,Good
234,50,No,Travel_Rarely,Sales,1,Masters,Medical,Very high,Female,High,Manager,Very high,Divorced,19517,3,No,11,Excellent,High,3,Good
235,33,Yes,Travel_Rarely,Research & Development,14,Bachelors,Medical,High,Male,High,Laboratory Technician,Very high,Married,2436,5,Yes,13,Excellent,High,2,Bad
236,43,No,Travel_Rarely,Sales,16,Bachelors,Marketing,Very high,Female,High,Manager,Very high,Married,16064,5,Yes,22,Outstanding,High,3,Better
237,33,Yes,Travel_Rarely,Research & Development,2,Some college,Life Sciences,Low,Female,High,Laboratory Technician,Low,Married,2707,7,No,20,Outstanding,Low,3,Best
238,52,No,Non-Travel,Sales,2,Masters,Life Sciences,Low,Male,Medium,Manager,High,Single,19068,1,Yes,18,Excellent,Very high,2,Best
239,32,No,Travel_Rarely,Sales,4,Some college,Life Sciences,High,Female,High,Sales Representative,Medium,Married,3931,2,No,11,Excellent,Low,5,Better
240,32,Yes,Travel_Rarely,Research & Development,1,Bachelors,Life Sciences,Very high,Male,Medium,Laboratory Technician,High,Single,3730,0,Yes,14,Excellent,Very high,2,Bad
241,39,No,Travel_Rarely,Research & Development,1,Masters,Medical,High,Female,High,Laboratory Technician,High,Divorced,2232,7,No,14,Excellent,High,1,Better
242,32,No,Non-Travel,Sales,26,Masters,Marketing,High,Male,High,Sales Executive,Very high,Married,4465,0,No,18,Excellent,Low,2,Better
243,41,No,Travel_Rarely,Research & Development,19,Some college,Life Sciences,High,Male,High,Research Scientist,Low,Divorced,3072,2,No,16,Excellent,Low,2,Good
244,40,No,Travel_Rarely,Research & Development,24,Some college,Technical Degree,Low,Male,High,Research Scientist,Very high,Divorced,3319,1,No,17,Excellent,Low,3,Better
245,45,No,Travel_Rarely,Research & Development,1,Bachelors,Other,High,Male,Very high,Manager,Very high,Married,19202,0,No,11,Excellent,High,2,Better
246,31,No,Travel_Frequently,Research & Development,3,Masters,Medical,Medium,Male,High,Research Director,High,Divorced,13675,9,No,12,Excellent,Low,3,Better
247,33,No,Travel_Rarely,Research & Development,5,Masters,Life Sciences,High,Female,Medium,Research Scientist,Very high,Married,2911,1,No,13,Excellent,High,2,Good
248,34,No,Travel_Rarely,Research & Development,2,Masters,Life Sciences,Very high,Male,Medium,Manufacturing Director,Low,Married,5957,6,No,13,Excellent,Medium,3,Better
249,37,No,Travel_Rarely,Research & Development,1,Some college,Medical,High,Female,Medium,Research Scientist,Low,Married,3920,2,No,14,Excellent,Low,2,Good
250,45,No,Travel_Frequently,Research & Development,7,Masters,Life Sciences,Low,Male,Very high,Manufacturing Director,High,Married,6434,4,No,17,Excellent,Very high,1,Better
251,37,Yes,Travel_Frequently,Research & Development,10,Bachelors,Medical,Low,Male,High,Manufacturing Director,High,Divorced,10048,6,No,11,Excellent,Medium,5,Better
252,39,No,Travel_Frequently,Research & Development,2,Masters,Technical Degree,High,Female,High,Healthcare Representative,High,Single,10938,0,No,25,Outstanding,Very high,1,Better
253,29,No,Travel_Rarely,Research & Development,15,Bachelors,Life Sciences,High,Male,High,Research Scientist,Very high,Single,2340,1,No,19,Excellent,Low,1,Better
254,42,No,Travel_Rarely,Research & Development,17,Some college,Life Sciences,Very high,Female,Very high,Research Scientist,Low,Single,6545,3,Yes,13,Excellent,High,1,Better
255,29,No,Travel_Rarely,Sales,20,Some college,Marketing,Very high,Male,High,Sales Executive,Very high,Divorced,6931,2,No,14,Excellent,Very high,2,Better
256,25,No,Travel_Rarely,Research & Development,1,Bachelors,Life Sciences,Low,Female,High,Manufacturing Director,High,Married,4898,0,No,12,Excellent,Very high,3,Better
257,42,No,Travel_Rarely,Research & Development,2,Bachelors,Medical,Very high,Female,Medium,Laboratory Technician,Low,Divorced,2593,0,Yes,11,Excellent,High,4,Better
258,40,No,Travel_Rarely,Research & Development,2,Some college,Medical,Low,Male,High,Research Director,High,Divorced,19436,0,No,19,Excellent,Very high,5,Better
259,51,No,Travel_Rarely,Research & Development,1,Bachelors,Life Sciences,High,Male,High,Research Scientist,Very high,Married,2723,1,No,11,Excellent,Medium,0,Good
260,31,Yes,Travel_Frequently,Research & Development,29,Some college,Medical,High,Male,Medium,Laboratory Technician,Medium,Single,3479,0,No,11,Excellent,Medium,2,Best
261,32,No,Travel_Frequently,Research & Development,7,Bachelors,Life Sciences,Medium,Male,Very high,Laboratory Technician,Medium,Married,2794,1,No,20,Outstanding,High,3,Bad
262,38,No,Non-Travel,Sales,2,Some college,Life Sciences,Very high,Male,Medium,Sales Executive,Very high,Married,5249,3,No,18,Excellent,Very high,0,Better
263,32,No,Travel_Rarely,Research & Development,2,No college,Technical Degree,Very high,Male,Medium,Laboratory Technician,Low,Single,2176,4,No,13,Excellent,Very high,5,Better
264,46,No,Travel_Rarely,Sales,2,Bachelors,Technical Degree,High,Female,Low,Manager,Medium,Married,16872,3,Yes,12,Excellent,Medium,2,Good
265,28,Yes,Travel_Rarely,Research & Development,2,Masters,Life Sciences,Low,Male,High,Laboratory Technician,High,Single,3485,2,No,11,Excellent,High,5,Bad
266,29,No,Travel_Rarely,Sales,2,Bachelors,Medical,Low,Male,Medium,Sales Executive,Medium,Married,6644,2,No,19,Excellent,Medium,2,Better
267,31,No,Travel_Rarely,Research & Development,23,Bachelors,Medical,Medium,Male,Medium,Healthcare Representative,Very high,Married,5582,0,No,21,Outstanding,Medium,2,Better
268,25,No,Non-Travel,Research & Development,5,Some college,Life Sciences,Medium,Male,Very high,Healthcare Representative,Low,Divorced,4000,1,No,12,Excellent,Very high,2,Better
269,45,No,Travel_Rarely,Research & Development,20,Some college,Medical,High,Male,High,Healthcare Representative,Very high,Married,13496,0,Yes,14,Excellent,Medium,2,Better
270,36,No,Travel_Rarely,Research & Development,6,Bachelors,Life Sciences,Very high,Male,High,Laboratory Technician,Very high,Married,3210,0,No,11,Excellent,High,4,Better
271,55,No,Travel_Rarely,Research & Development,1,Bachelors,Medical,Very high,Male,High,Manager,Low,Single,19045,0,Yes,14,Excellent,High,2,Better
272,47,Yes,Non-Travel,Research & Development,29,Masters,Life Sciences,Low,Male,High,Manager,Medium,Married,11849,1,Yes,12,Excellent,Very high,2,Good
273,28,No,Travel_Rarely,Research & Development,9,Bachelors,Medical,Very high,Male,High,Research Scientist,Very high,Married,2070,1,No,23,Outstanding,Very high,3,Good
274,37,No,Travel_Rarely,Sales,6,Masters,Medical,High,Male,High,Sales Executive,Very high,Married,6502,4,No,14,Excellent,Medium,5,Best
275,21,No,Travel_Rarely,Research & Development,3,Some college,Medical,Very high,Male,Medium,Research Scientist,High,Single,3230,1,No,17,Excellent,Low,4,Best
276,37,No,Non-Travel,Research & Development,1,Masters,Medical,Low,Female,High,Research Director,Very high,Divorced,13603,2,Yes,18,Excellent,Low,2,Better
277,35,No,Travel_Rarely,Research & Development,22,Bachelors,Life Sciences,Medium,Female,Very high,Manager,Medium,Divorced,11996,7,No,18,Excellent,Medium,6,Good
278,38,No,Travel_Rarely,Sales,7,Some college,Medical,Low,Female,Very high,Sales Executive,Low,Divorced,5605,1,Yes,24,Outstanding,High,3,Better
279,26,No,Travel_Frequently,Research & Development,1,Bachelors,Life Sciences,High,Female,High,Manufacturing Director,Medium,Divorced,6397,1,No,20,Outstanding,Low,6,Bad
280,50,No,Travel_Rarely,Research & Development,4,No college,Life Sciences,Low,Male,High,Research Director,Medium,Divorced,19144,3,No,14,Excellent,Low,4,Good
281,53,No,Travel_Rarely,Research & Development,3,Masters,Medical,High,Male,High,Research Director,High,Married,17584,3,Yes,16,Excellent,Very high,5,Good
282,42,No,Travel_Rarely,Sales,1,No college,Life Sciences,Medium,Male,High,Sales Executive,High,Married,4907,1,No,25,Outstanding,High,3,Better
283,29,No,Travel_Frequently,Sales,2,Some college,Life Sciences,Medium,Male,High,Sales Executive,Very high,Single,4554,1,No,18,Excellent,Low,3,Good
284,55,No,Travel_Rarely,Research & Development,20,Some college,Technical Degree,Medium,Male,High,Laboratory Technician,Very high,Married,5415,3,Yes,19,Excellent,Very high,4,Better
285,26,No,Travel_Frequently,Research & Development,11,Some college,Medical,Low,Male,High,Healthcare Representative,Low,Married,4741,1,Yes,13,Excellent,High,3,Better
286,37,No,Travel_Rarely,Research & Development,1,Bachelors,Life Sciences,Very high,Female,High,Research Scientist,Very high,Single,2115,1,No,12,Excellent,Medium,3,Better
287,44,Yes,Travel_Frequently,Research & Development,24,Bachelors,Life Sciences,Very high,Male,High,Laboratory Technician,High,Divorced,3161,3,Yes,22,Outstanding,Very high,0,Bad
288,38,No,Travel_Rarely,Research & Development,23,Masters,Life Sciences,Very high,Male,High,Healthcare Representative,Very high,Divorced,5745,9,No,14,Excellent,Medium,2,Better
289,26,Yes,Travel_Rarely,Research & Development,16,Masters,Medical,Low,Male,High,Laboratory Technician,Medium,Divorced,2373,2,Yes,13,Excellent,Very high,2,Better
290,28,No,Travel_Rarely,Research & Development,8,Some college,Life Sciences,Very high,Female,High,Research Scientist,Very high,Single,3310,1,No,21,Outstanding,Very high,3,Better
291,49,No,Travel_Frequently,Research & Development,10,Masters,Life Sciences,High,Female,High,Research Director,Low,Single,18665,9,Yes,11,Excellent,Very high,4,Better
292,36,No,Travel_Rarely,Research & Development,3,Bachelors,Technical Degree,High,Male,High,Research Scientist,Medium,Single,4485,4,No,12,Excellent,Very high,2,Better
293,31,No,Travel_Frequently,Sales,5,Bachelors,Marketing,Very high,Female,High,Sales Representative,Medium,Divorced,2789,1,No,11,Excellent,High,5,Good
294,26,Yes,Travel_Rarely,Sales,4,Masters,Marketing,Very high,Male,Medium,Sales Executive,Very high,Single,5828,1,Yes,12,Excellent,Medium,0,Better
295,37,No,Travel_Frequently,Research & Development,9,Bachelors,Medical,Medium,Male,High,Research Scientist,Very high,Married,2326,1,Yes,12,Excellent,High,3,Good
296,42,No,Travel_Frequently,Sales,26,Bachelors,Marketing,High,Female,High,Sales Executive,Medium,Married,13525,5,No,14,Excellent,Very high,2,Best
297,18,Yes,Travel_Rarely,Research & Development,3,Bachelors,Life Sciences,High,Male,High,Laboratory Technician,High,Single,1420,1,No,13,Excellent,High,2,Better
298,35,No,Travel_Rarely,Sales,16,Bachelors,Marketing,High,Male,High,Sales Executive,Medium,Married,8020,0,No,15,Excellent,High,3,Good
299,36,No,Travel_Frequently,Research & Development,18,Masters,Life Sciences,High,Male,Very high,Laboratory Technician,Very high,Married,3688,4,No,18,Excellent,Very high,2,Better
300,51,No,Travel_Rarely,Research & Development,2,Bachelors,Medical,Very high,Male,Low,Manufacturing Director,Medium,Divorced,5482,5,No,18,Excellent,Very high,3,Better
301,41,No,Travel_Rarely,Sales,2,Masters,Life Sciences,Very high,Male,High,Manager,Medium,Single,16015,1,No,19,Excellent,Medium,2,Better
302,18,No,Travel_Rarely,Sales,10,Bachelors,Medical,Very high,Female,Medium,Sales Representative,High,Single,1200,1,No,12,Excellent,Low,2,Better
303,28,No,Travel_Rarely,Research & Development,16,Some college,Medical,Medium,Male,Very high,Healthcare Representative,Low,Single,5661,0,No,19,Excellent,High,2,Better
304,31,No,Travel_Rarely,Sales,7,Bachelors,Technical Degree,Medium,Male,Very high,Sales Executive,Very high,Married,6929,4,No,11,Excellent,Medium,3,Good
305,39,No,Travel_Rarely,Research & Development,1,Bachelors,Medical,High,Male,Very high,Healthcare Representative,Very high,Divorced,9613,0,No,17,Excellent,Low,5,Good
306,36,No,Non-Travel,Research & Development,24,Masters,Life Sciences,Medium,Female,High,Laboratory Technician,Medium,Married,5674,7,No,15,Excellent,High,3,Better
307,32,No,Travel_Rarely,Sales,7,Bachelors,Life Sciences,Very high,Male,Medium,Sales Executive,High,Married,5484,1,No,14,Excellent,High,3,Good
308,38,No,Travel_Rarely,Research & Development,25,Some college,Life Sciences,Low,Female,Medium,Research Director,Medium,Married,12061,3,No,17,Excellent,High,2,Better
309,58,No,Non-Travel,Research & Development,1,Masters,Life Sciences,Very high,Male,Low,Healthcare Representative,High,Divorced,5660,2,Yes,13,Excellent,Very high,2,Better
310,31,No,Travel_Rarely,Research & Development,5,Masters,Technical Degree,High,Male,High,Research Scientist,Very high,Married,4821,0,Yes,12,Excellent,High,4,Better
311,31,No,Travel_Rarely,Human Resources,2,Bachelors,Human Resources,Low,Male,Medium,Human Resources,Low,Married,6410,3,No,12,Excellent,Very high,1,Better
312,45,No,Travel_Frequently,Research & Development,7,Bachelors,Life Sciences,Low,Male,High,Laboratory Technician,Low,Divorced,5210,1,No,18,Excellent,Low,2,Better
313,31,No,Travel_Rarely,Research & Development,2,Masters,Life Sciences,High,Male,High,Research Scientist,Very high,Divorced,2695,0,Yes,18,Excellent,Medium,2,Bad
314,33,No,Travel_Frequently,Research & Development,5,Masters,Life Sciences,Very high,Female,High,Manager,Medium,Married,11878,6,No,11,Excellent,Medium,2,Better
315,39,No,Travel_Rarely,Research & Development,10,No college,Medical,High,Male,High,Manager,Low,Married,17068,1,Yes,14,Excellent,Very high,3,Better
316,43,No,Travel_Frequently,Research & Development,10,Masters,Life Sciences,High,Female,High,Laboratory Technician,Very high,Single,2455,0,No,19,Excellent,Low,5,Better
317,49,No,Travel_Rarely,Research & Development,1,Some college,Technical Degree,High,Female,Medium,Healthcare Representative,High,Single,13964,7,Yes,12,Excellent,Very high,2,Better
318,52,Yes,Travel_Rarely,Research & Development,8,Masters,Medical,High,Male,Medium,Research Scientist,Medium,Married,4941,2,No,15,Excellent,Low,3,Good
319,27,No,Travel_Rarely,Research & Development,5,Bachelors,Life Sciences,High,Female,High,Research Scientist,Medium,Single,2478,1,Yes,12,Excellent,Medium,2,Good
320,32,No,Travel_Rarely,Sales,8,Some college,Technical Degree,High,Female,Medium,Sales Executive,Medium,Married,5228,1,Yes,11,Excellent,Very high,2,Better
321,27,No,Travel_Rarely,Sales,2,Bachelors,Life Sciences,Very high,Male,High,Sales Executive,High,Single,4478,1,Yes,11,Excellent,Low,3,Better
322,31,No,Travel_Rarely,Sales,7,Bachelors,Marketing,Very high,Male,High,Sales Executive,Very high,Divorced,7547,4,No,12,Excellent,Very high,3,Better
323,32,No,Travel_Rarely,Research & Development,2,Masters,Medical,Low,Female,Very high,Research Scientist,Very high,Single,5055,7,No,16,Excellent,High,0,Good
324,28,Yes,Travel_Rarely,Research & Development,2,Masters,Medical,Low,Male,Low,Research Scientist,Very high,Married,3464,5,Yes,13,Excellent,Very high,4,Good
325,30,No,Travel_Rarely,Research & Development,28,Some college,Medical,Very high,Female,High,Research Scientist,Very high,Married,5775,1,No,13,Excellent,Very high,2,Better
326,31,No,Travel_Frequently,Research & Development,7,Some college,Life Sciences,High,Female,Medium,Manufacturing Director,High,Married,8943,1,No,24,Outstanding,Low,2,Better
327,39,No,Travel_Frequently,Research & Development,7,Some college,Medical,High,Male,Medium,Manager,Very high,Married,19272,1,No,15,Excellent,Low,2,Better
328,39,Yes,Travel_Rarely,Sales,3,Some college,Medical,Very high,Female,High,Sales Executive,High,Married,5238,4,Yes,18,Excellent,Low,3,Good
329,33,No,Travel_Frequently,Sales,10,Bachelors,Marketing,Medium,Male,Medium,Sales Executive,Very high,Single,4682,3,No,14,Excellent,High,6,Good
330,47,No,Travel_Rarely,Research & Development,5,Doctorate,Life Sciences,Very high,Male,High,Research Director,High,Married,18300,4,No,11,Excellent,Medium,2,Better
331,43,No,Travel_Frequently,Research & Development,10,Masters,Life Sciences,High,Female,Medium,Laboratory Technician,High,Divorced,5257,1,No,11,Excellent,Medium,3,Best
332,27,No,Non-Travel,Sales,1,No college,Marketing,High,Male,High,Sales Executive,Medium,Married,6349,0,Yes,13,Excellent,Very high,0,Better
333,54,No,Travel_Frequently,Research & Development,20,Masters,Life Sciences,Very high,Female,High,Research Scientist,High,Single,4869,3,No,12,Excellent,Very high,4,Good
334,43,No,Travel_Rarely,Research & Development,7,Bachelors,Life Sciences,High,Female,High,Healthcare Representative,Low,Married,9985,8,No,16,Excellent,Low,1,Good
335,45,No,Travel_Rarely,Research & Development,8,Masters,Other,Very high,Male,High,Research Scientist,Very high,Married,3697,9,No,14,Excellent,Low,3,Better
336,40,No,Travel_Rarely,Sales,1,Some college,Medical,Medium,Male,Low,Sales Executive,Very high,Married,7457,2,Yes,22,Outstanding,High,2,Good
337,29,Yes,Travel_Rarely,Research & Development,8,Masters,Other,Medium,Male,Low,Laboratory Technician,Low,Married,2119,1,Yes,11,Excellent,Very high,4,Good
338,29,No,Travel_Rarely,Research & Development,9,Doctorate,Other,Medium,Male,Medium,Laboratory Technician,Very high,Single,3983,0,No,17,Excellent,High,2,Better
339,30,No,Travel_Rarely,Sales,5,Bachelors,Marketing,Very high,Female,Medium,Sales Executive,High,Divorced,6118,1,No,13,Excellent,High,2,Better
340,27,No,Travel_Rarely,Sales,8,Masters,Marketing,Medium,Female,High,Sales Executive,Medium,Married,6214,1,No,18,Excellent,Low,3,Better
341,37,No,Travel_Rarely,Research & Development,5,Some college,Medical,Very high,Male,High,Manufacturing Director,Very high,Divorced,6347,7,No,16,Excellent,High,2,Good
342,38,No,Travel_Rarely,Research & Development,15,Some college,Life Sciences,High,Male,Medium,Research Director,Very high,Divorced,11510,0,Yes,14,Excellent,Medium,3,Better
343,31,No,Travel_Rarely,Research & Development,7,Masters,Medical,High,Female,High,Manufacturing Director,Very high,Single,7143,1,Yes,14,Excellent,High,2,Good
344,29,No,Travel_Rarely,Sales,10,No college,Marketing,Very high,Female,Medium,Sales Executive,Medium,Divorced,8268,1,Yes,14,Excellent,Low,2,Better
345,35,No,Travel_Rarely,Research & Development,5,Masters,Technical Degree,High,Male,High,Manufacturing Director,Medium,Single,8095,0,No,13,Excellent,Very high,5,Better
346,23,No,Travel_Rarely,Research & Development,26,No college,Life Sciences,High,Male,High,Research Scientist,Very high,Divorced,2904,1,No,12,Excellent,High,2,Good
347,41,No,Travel_Rarely,Research & Development,6,Bachelors,Medical,Very high,Male,Medium,Manufacturing Director,Medium,Single,6032,6,Yes,15,Excellent,Very high,3,Better
348,47,No,Travel_Frequently,Sales,4,No college,Medical,Medium,Male,High,Sales Representative,High,Single,2976,3,No,19,Excellent,Low,3,Better
349,42,No,Travel_Rarely,Research & Development,23,Doctorate,Life Sciences,Low,Female,High,Research Director,Very high,Single,15992,2,No,14,Excellent,Medium,2,Better
350,29,No,Non-Travel,Sales,2,Bachelors,Life Sciences,Very high,Male,High,Sales Executive,High,Married,4649,1,No,14,Excellent,Low,3,Good
351,42,No,Travel_Rarely,Human Resources,2,No college,Technical Degree,High,Male,High,Human Resources,High,Divorced,2696,0,Yes,11,Excellent,High,5,Better
352,32,No,Travel_Rarely,Research & Development,2,Bachelors,Medical,High,Female,High,Laboratory Technician,Medium,Married,2370,1,No,13,Excellent,High,4,Better
353,48,No,Travel_Rarely,Sales,29,No college,Medical,Low,Female,High,Manager,High,Married,12504,3,No,21,Outstanding,Medium,3,Bad
354,37,No,Travel_Rarely,Research & Development,6,Bachelors,Medical,High,Male,Very high,Research Scientist,Low,Divorced,5974,4,Yes,13,Excellent,Low,2,Better
355,30,No,Non-Travel,Sales,25,Some college,Technical Degree,Very high,Female,High,Sales Executive,High,Married,4736,7,Yes,12,Excellent,Medium,2,Best
356,26,No,Travel_Rarely,Sales,1,Bachelors,Life Sciences,High,Male,High,Sales Executive,High,Married,5296,1,No,17,Excellent,Medium,3,Better
357,42,No,Travel_Rarely,Research & Development,2,Masters,Other,Low,Male,Medium,Healthcare Representative,Very high,Single,6781,3,No,23,Outstanding,Medium,6,Better
358,21,Yes,Travel_Frequently,Sales,1,No college,Technical Degree,Low,Female,Medium,Sales Representative,Medium,Single,2174,1,Yes,11,Excellent,High,3,Better
359,36,No,Non-Travel,Sales,1,Doctorate,Medical,Very high,Female,High,Sales Executive,Very high,Single,6653,4,No,15,Excellent,Medium,6,Better
360,36,No,Travel_Frequently,Sales,3,Masters,Medical,Low,Male,Medium,Sales Executive,Very high,Married,9699,4,No,11,Excellent,Low,2,Better
361,57,No,Travel_Rarely,Research & Development,1,Masters,Medical,Very high,Male,High,Healthcare Representative,High,Married,6755,2,No,11,Excellent,High,2,Better
362,40,No,Travel_Rarely,Research & Development,10,Masters,Life Sciences,Very high,Female,Very high,Laboratory Technician,High,Married,2213,3,Yes,13,Excellent,High,3,Better
363,21,No,Non-Travel,Sales,9,Some college,Medical,Low,Male,High,Sales Representative,Very high,Single,2610,1,No,24,Outstanding,High,3,Good
364,33,Yes,Travel_Rarely,Sales,5,Bachelors,Marketing,Very high,Female,High,Sales Representative,High,Single,2851,1,Yes,13,Excellent,Medium,2,Better
365,37,No,Travel_Rarely,Research & Development,10,Bachelors,Medical,High,Female,High,Laboratory Technician,Low,Married,3452,6,No,20,Outstanding,Medium,3,Better
366,46,No,Non-Travel,Research & Development,7,Masters,Medical,High,Female,High,Manufacturing Director,High,Married,5258,2,No,14,Excellent,High,2,Best
367,41,Yes,Travel_Frequently,Sales,4,Bachelors,Marketing,Low,Male,High,Sales Executive,Medium,Single,9355,1,No,18,Excellent,High,5,Better
368,50,No,Travel_Rarely,Research & Development,10,Bachelors,Technical Degree,Very high,Male,Medium,Healthcare Representative,Very high,Single,10496,6,No,15,Excellent,Very high,2,Better
369,40,Yes,Travel_Rarely,Sales,22,Some college,Marketing,High,Male,Medium,Sales Executive,High,Married,6380,2,Yes,12,Excellent,Low,6,Better
370,31,No,Travel_Rarely,Research & Development,9,Masters,Life Sciences,High,Male,Medium,Research Scientist,Medium,Single,2657,0,Yes,16,Excellent,Very high,5,Better
371,21,Yes,Travel_Rarely,Sales,12,Bachelors,Life Sciences,High,Female,Very high,Sales Representative,Medium,Single,2716,1,No,15,Excellent,Very high,0,Better
372,29,No,Travel_Rarely,Research & Development,23,Bachelors,Life Sciences,Very high,Male,High,Research Scientist,Very high,Single,2201,9,No,16,Excellent,Very high,4,Better
373,35,No,Travel_Rarely,Research & Development,9,Masters,Life Sciences,High,Male,Medium,Healthcare Representative,Medium,Single,6540,9,No,19,Excellent,High,5,Better
374,27,No,Travel_Rarely,Research & Development,1,Some college,Medical,Very high,Male,High,Laboratory Technician,Medium,Divorced,3816,1,No,11,Excellent,Medium,2,Better
375,28,No,Travel_Rarely,Sales,9,Masters,Life Sciences,Medium,Male,High,Sales Executive,Very high,Single,5253,1,No,16,Excellent,Very high,1,Better
376,49,No,Travel_Rarely,Research & Development,7,Bachelors,Other,Medium,Male,Medium,Healthcare Representative,High,Single,10965,8,No,24,Outstanding,High,2,Better
377,51,No,Travel_Rarely,Sales,14,Some college,Life Sciences,High,Female,High,Sales Executive,Very high,Married,4936,4,No,11,Excellent,High,2,Good
378,36,No,Travel_Rarely,Research & Development,2,Bachelors,Life Sciences,Very high,Female,High,Research Scientist,High,Married,2543,4,No,13,Excellent,Medium,3,Better
379,34,Yes,Non-Travel,Sales,19,Bachelors,Marketing,Low,Male,Very high,Sales Executive,Very high,Single,5304,8,Yes,13,Excellent,Medium,3,Good
380,55,No,Travel_Rarely,Research & Development,2,Bachelors,Life Sciences,High,Female,High,Manager,Very high,Single,16659,2,Yes,13,Excellent,High,2,Better
381,24,No,Travel_Rarely,Sales,10,Masters,Marketing,Very high,Female,High,Sales Executive,High,Divorced,4260,1,Yes,12,Excellent,Very high,2,Best
382,30,No,Travel_Rarely,Sales,2,No college,Technical Degree,High,Male,High,Sales Representative,Medium,Married,2476,1,No,18,Excellent,Low,3,Better
383,26,Yes,Travel_Frequently,Research & Development,3,No college,Technical Degree,High,Male,High,Research Scientist,Low,Single,3102,0,No,22,Outstanding,High,2,Better
384,22,No,Travel_Rarely,Research & Development,11,Bachelors,Medical,Low,Female,High,Research Scientist,Medium,Married,2244,1,No,13,Excellent,Very high,1,Better
385,36,No,Travel_Rarely,Sales,2,Some college,Medical,Medium,Male,Medium,Sales Executive,High,Married,7596,1,No,13,Excellent,Medium,2,Better
386,30,Yes,Travel_Frequently,Research & Development,4,Bachelors,Technical Degree,High,Male,High,Research Scientist,Very high,Single,2285,9,Yes,23,Outstanding,High,4,Better
387,37,No,Travel_Rarely,Research & Development,14,Bachelors,Life Sciences,Very high,Female,High,Laboratory Technician,Low,Divorced,3034,1,No,12,Excellent,High,2,Good
388,40,No,Travel_Rarely,Sales,2,Some college,Marketing,Very high,Female,High,Sales Executive,Medium,Divorced,5715,7,No,12,Excellent,High,5,Better
389,42,No,Travel_Rarely,Research & Development,1,Masters,Life Sciences,Medium,Female,High,Laboratory Technician,Low,Divorced,2576,3,No,16,Excellent,Medium,5,Better
390,37,No,Travel_Rarely,Research & Development,10,Masters,Life Sciences,High,Male,High,Manufacturing Director,Medium,Single,4197,2,Yes,12,Excellent,Very high,2,Good
391,43,No,Travel_Rarely,Research & Development,12,Bachelors,Life Sciences,Low,Male,Medium,Research Director,Medium,Divorced,14336,1,No,11,Excellent,High,3,Better
392,40,No,Travel_Rarely,Research & Development,2,Bachelors,Medical,Medium,Female,Medium,Laboratory Technician,High,Married,3448,6,No,22,Outstanding,Medium,3,Better
393,54,No,Travel_Rarely,Research & Development,5,Some college,Medical,Low,Male,High,Research Director,Low,Married,19406,4,No,11,Excellent,High,4,Good
394,34,No,Non-Travel,Sales,4,Masters,Marketing,High,Female,High,Sales Executive,High,Married,6538,9,No,15,Excellent,Low,3,Better
395,31,No,Travel_Rarely,Research & Development,7,Some college,Medical,Medium,Female,High,Manufacturing Director,Low,Married,4306,1,No,12,Excellent,Medium,5,Bad
396,43,No,Travel_Frequently,Research & Development,21,Bachelors,Medical,Very high,Male,High,Laboratory Technician,Very high,Married,2258,7,No,20,Outstanding,Low,1,Better
397,43,No,Travel_Rarely,Research & Development,8,Masters,Other,High,Female,High,Healthcare Representative,High,Divorced,4522,4,Yes,14,Excellent,Very high,3,Better
398,25,No,Travel_Rarely,Sales,4,Some college,Life Sciences,Medium,Female,Medium,Sales Executive,Very high,Single,4487,1,Yes,11,Excellent,Medium,3,Better
399,37,No,Non-Travel,Research & Development,25,Doctorate,Medical,Medium,Female,High,Research Scientist,High,Married,4449,3,Yes,15,Excellent,Low,2,Better
400,31,No,Travel_Rarely,Research & Development,1,Some college,Life Sciences,Very high,Male,Medium,Laboratory Technician,Low,Married,2218,1,No,12,Excellent,High,3,Better
401,39,No,Travel_Frequently,Research & Development,1,No college,Life Sciences,Medium,Male,High,Manager,High,Divorced,19197,1,Yes,14,Excellent,High,3,Better
402,56,No,Travel_Frequently,Sales,6,Bachelors,Life Sciences,High,Female,Very high,Sales Executive,Low,Married,13212,9,No,11,Excellent,Very high,0,Good
403,30,No,Travel_Rarely,Sales,12,Bachelors,Technical Degree,Medium,Female,High,Sales Executive,High,Single,6577,0,No,11,Excellent,Medium,6,Better
404,41,No,Travel_Rarely,Sales,1,Bachelors,Marketing,Medium,Male,Very high,Sales Executive,Low,Married,8392,1,No,16,Excellent,High,2,Better
405,28,No,Travel_Rarely,Research & Development,17,Some college,Medical,High,Male,High,Laboratory Technician,Low,Divorced,4558,1,No,12,Excellent,Very high,2,Better
406,25,Yes,Travel_Rarely,Research & Development,3,Bachelors,Medical,Low,Male,High,Laboratory Technician,Low,Married,4031,5,No,13,Excellent,High,5,Better
407,52,No,Travel_Rarely,Research & Development,3,Bachelors,Medical,Very high,Male,Medium,Manufacturing Director,High,Married,7969,2,Yes,14,Excellent,High,4,Better
408,45,No,Travel_Rarely,Research & Development,10,Some college,Life Sciences,Low,Male,High,Research Scientist,Very high,Married,2654,3,No,21,Outstanding,Very high,3,Good
409,52,No,Travel_Rarely,Research & Development,4,Some college,Life Sciences,Very high,Female,High,Manager,Very high,Married,16555,2,No,13,Excellent,Very high,2,Bad
410,42,No,Travel_Frequently,Research & Development,29,Some college,Life Sciences,Low,Female,High,Research Scientist,High,Divorced,4556,2,No,11,Excellent,Medium,3,Better
411,30,No,Travel_Rarely,Research & Development,2,Bachelors,Life Sciences,High,Female,Low,Manufacturing Director,Very high,Single,6091,2,No,20,Outstanding,High,2,Better
412,60,No,Travel_Rarely,Research & Development,7,Bachelors,Life Sciences,Low,Female,High,Manager,Low,Married,19566,5,No,11,Excellent,Very high,5,Bad
413,46,No,Travel_Rarely,Research & Development,18,Bachelors,Medical,High,Female,High,Manufacturing Director,High,Divorced,4810,2,No,14,Excellent,High,5,Good
414,42,No,Travel_Frequently,Research & Development,28,Masters,Technical Degree,Very high,Female,Medium,Healthcare Representative,Very high,Married,4523,0,No,11,Excellent,Very high,4,Best
415,24,Yes,Travel_Rarely,Sales,1,No college,Technical Degree,Low,Female,High,Sales Representative,Medium,Single,3202,1,Yes,16,Excellent,Medium,4,Better
416,34,Yes,Travel_Frequently,Sales,6,Some college,Marketing,Very high,Female,Low,Sales Representative,High,Divorced,2351,0,No,16,Excellent,Very high,3,Good
417,38,No,Travel_Frequently,Research & Development,2,Some college,Life Sciences,Very high,Male,High,Laboratory Technician,Very high,Married,1702,1,Yes,23,Outstanding,High,3,Better
418,40,No,Travel_Rarely,Sales,2,Masters,Life Sciences,High,Female,High,Manager,High,Married,18041,0,No,14,Excellent,Very high,2,Better
419,26,No,Travel_Rarely,Research & Development,23,Bachelors,Life Sciences,Low,Female,High,Research Scientist,Very high,Divorced,2886,1,No,22,Outstanding,Medium,3,Bad
420,30,No,Non-Travel,Research & Development,3,Bachelors,Life Sciences,High,Male,High,Laboratory Technician,Very high,Married,2097,4,No,15,Excellent,High,3,Bad
421,29,No,Travel_Rarely,Research & Development,3,Masters,Medical,Medium,Male,Medium,Research Director,High,Married,11935,1,No,18,Excellent,High,2,Better
422,29,Yes,Travel_Rarely,Research & Development,25,Doctorate,Technical Degree,High,Female,Medium,Research Scientist,Medium,Married,2546,5,No,16,Excellent,Medium,2,Best
423,19,Yes,Travel_Rarely,Human Resources,2,Some college,Technical Degree,Low,Male,Medium,Human Resources,Very high,Single,2564,1,No,12,Excellent,High,3,Best
424,30,No,Non-Travel,Sales,22,Masters,Other,High,Female,High,Sales Executive,Low,Married,8412,0,No,11,Excellent,High,3,Better
425,57,No,Travel_Rarely,Sales,29,Bachelors,Marketing,Low,Male,Medium,Manager,Very high,Divorced,14118,3,No,12,Excellent,High,3,Good
426,50,No,Travel_Rarely,Research & Development,29,Masters,Life Sciences,Medium,Male,Medium,Manager,High,Married,17046,0,No,15,Excellent,Medium,2,Better
427,30,No,Non-Travel,Research & Development,2,Bachelors,Medical,High,Female,High,Laboratory Technician,Very high,Single,2564,0,No,14,Excellent,High,2,Good
428,60,No,Travel_Frequently,Sales,28,Bachelors,Marketing,High,Female,Medium,Sales Executive,Low,Married,10266,4,No,19,Excellent,Very high,5,Best
429,47,No,Travel_Rarely,Research & Development,2,Some college,Medical,Low,Female,High,Manufacturing Director,Very high,Divorced,5070,5,No,13,Excellent,High,2,Better
430,46,No,Travel_Rarely,Research & Development,2,Bachelors,Life Sciences,Low,Male,High,Research Director,High,Married,17861,6,No,13,Excellent,High,2,Bad
431,35,No,Travel_Rarely,Research & Development,22,Bachelors,Life Sciences,Very high,Male,Low,Laboratory Technician,High,Single,4230,0,No,15,Excellent,High,2,Better
432,54,No,Travel_Rarely,Research & Development,8,Masters,Life Sciences,High,Female,High,Laboratory Technician,High,Single,3780,7,No,11,Excellent,High,3,Better
433,34,No,Travel_Rarely,Research & Development,2,Masters,Life Sciences,Very high,Male,Medium,Research Scientist,High,Divorced,2768,3,No,12,Excellent,High,3,Better
434,46,No,Travel_Rarely,Sales,10,Bachelors,Marketing,High,Female,Medium,Sales Executive,Very high,Married,9071,2,Yes,19,Excellent,High,3,Better
435,31,No,Travel_Rarely,Research & Development,9,No college,Life Sciences,High,Male,High,Manufacturing Director,Medium,Divorced,10648,1,No,25,Outstanding,Very high,6,Best
436,33,Yes,Travel_Rarely,Research & Development,15,No college,Medical,Medium,Male,High,Manager,High,Married,13610,7,Yes,12,Excellent,Very high,2,Best
437,33,Yes,Travel_Rarely,Research & Development,10,No college,Medical,Low,Male,Low,Laboratory Technician,Very high,Divorced,3408,7,No,13,Excellent,Low,2,Better
438,30,No,Travel_Rarely,Sales,7,No college,Marketing,Very high,Male,High,Sales Representative,Medium,Single,2983,0,No,14,Excellent,Low,3,Better
439,35,No,Travel_Rarely,Research & Development,16,Bachelors,Life Sciences,Very high,Male,High,Healthcare Representative,High,Married,7632,4,Yes,12,Excellent,High,2,Better
440,31,Yes,Travel_Frequently,Research & Development,20,Bachelors,Life Sciences,Low,Male,High,Healthcare Representative,High,Married,9824,3,No,12,Excellent,Low,2,Better
441,34,Yes,Travel_Frequently,Human Resources,23,Bachelors,Human Resources,Medium,Female,High,Human Resources,Low,Divorced,9950,9,Yes,15,Excellent,High,2,Better
442,42,No,Travel_Frequently,Research & Development,5,Some college,Other,Medium,Male,High,Laboratory Technician,High,Married,2093,4,No,17,Excellent,Very high,4,Better
443,36,No,Non-Travel,Sales,10,Masters,Medical,Medium,Male,High,Sales Executive,Very high,Single,9980,1,No,14,Excellent,Very high,3,Good
444,22,Yes,Travel_Frequently,Research & Development,4,No college,Technical Degree,High,Male,Medium,Laboratory Technician,High,Single,3894,5,No,16,Excellent,High,3,Better
445,48,No,Travel_Rarely,Sales,2,Doctorate,Marketing,Medium,Female,High,Sales Executive,Very high,Married,4051,2,No,14,Excellent,Low,2,Better
446,55,No,Travel_Rarely,Sales,18,Doctorate,Life Sciences,Low,Female,High,Manager,Medium,Single,16835,3,No,23,Outstanding,Very high,2,Better
447,41,No,Non-Travel,Sales,10,Some college,Life Sciences,Very high,Male,High,Sales Executive,Very high,Single,6230,7,No,14,Excellent,Very high,3,Better
448,35,No,Travel_Rarely,Sales,1,Bachelors,Marketing,Medium,Male,High,Sales Executive,High,Married,4717,9,No,11,Excellent,High,2,Better
449,40,No,Travel_Rarely,Research & Development,6,Bachelors,Life Sciences,Medium,Female,High,Manufacturing Director,High,Single,13237,7,No,15,Excellent,High,3,Better
450,39,No,Travel_Frequently,Research & Development,8,No college,Life Sciences,High,Female,High,Laboratory Technician,High,Married,3755,1,No,11,Excellent,Low,3,Better
451,31,No,Travel_Rarely,Sales,2,No college,Life Sciences,Medium,Male,High,Sales Executive,Very high,Single,6582,4,Yes,13,Excellent,High,2,Best
452,42,No,Travel_Rarely,Research & Development,24,Bachelors,Medical,Very high,Male,High,Manufacturing Director,Low,Married,7406,1,Yes,21,Outstanding,Very high,5,Good
453,45,No,Travel_Rarely,Sales,2,Bachelors,Other,Very high,Male,High,Sales Executive,Medium,Married,4805,0,No,19,Excellent,Medium,3,Best
454,26,Yes,Travel_Frequently,Human Resources,17,Masters,Life Sciences,Medium,Female,High,Human Resources,High,Divorced,2741,0,Yes,11,Excellent,Medium,2,Good
455,29,No,Travel_Rarely,Research & Development,19,Bachelors,Technical Degree,Very high,Male,High,Manufacturing Director,Very high,Divorced,4262,4,No,12,Excellent,Medium,2,Best
456,33,No,Travel_Rarely,Research & Development,1,Doctorate,Medical,Low,Female,Very high,Research Director,High,Divorced,16184,4,No,19,Excellent,High,2,Better
457,31,No,Travel_Rarely,Sales,7,Bachelors,Life Sciences,High,Male,Medium,Manager,Very high,Divorced,11557,9,No,21,Outstanding,High,3,Good
458,18,Yes,Travel_Frequently,Sales,5,Bachelors,Marketing,Medium,Male,High,Sales Representative,Medium,Single,1878,1,Yes,14,Excellent,Very high,3,Better
459,40,No,Non-Travel,Sales,28,Bachelors,Other,High,Male,Low,Sales Executive,Low,Divorced,10932,3,No,15,Excellent,High,2,Better
460,41,No,Non-Travel,Research & Development,2,Masters,Other,Low,Female,Medium,Healthcare Representative,High,Single,6811,2,Yes,17,Excellent,Low,3,Better
461,26,No,Travel_Rarely,Sales,29,Some college,Medical,Low,Male,High,Sales Executive,High,Divorced,4306,5,No,12,Excellent,Low,5,Better
462,35,No,Travel_Rarely,Sales,1,Bachelors,Medical,Low,Female,High,Sales Executive,High,Single,4859,1,No,16,Excellent,Very high,3,Better
463,34,No,Travel_Rarely,Sales,21,Masters,Life Sciences,Very high,Male,Very high,Sales Executive,Very high,Single,5337,1,No,12,Excellent,Very high,3,Better
464,26,Yes,Travel_Rarely,Research & Development,24,Bachelors,Technical Degree,High,Male,Low,Laboratory Technician,Very high,Single,2340,1,Yes,18,Excellent,Medium,3,Bad
465,37,No,Travel_Rarely,Research & Development,1,Bachelors,Technical Degree,Medium,Female,High,Manufacturing Director,Very high,Single,7491,4,No,17,Excellent,Very high,3,Best
466,46,No,Travel_Frequently,Research & Development,18,No college,Medical,Low,Female,High,Healthcare Representative,High,Married,10527,5,No,11,Excellent,Very high,3,Good
467,41,No,Travel_Rarely,Sales,2,Doctorate,Life Sciences,Medium,Female,High,Manager,Low,Married,16595,7,No,16,Excellent,Medium,2,Better
468,37,No,Non-Travel,Sales,9,Masters,Medical,Low,Male,High,Sales Executive,Medium,Divorced,8834,1,No,13,Excellent,Very high,6,Better
469,52,No,Travel_Rarely,Research & Development,6,Some college,Technical Degree,Very high,Male,High,Research Scientist,Low,Divorced,5577,3,Yes,12,Excellent,Medium,3,Better
470,32,Yes,Non-Travel,Sales,11,Masters,Other,Very high,Male,Very high,Sales Executive,High,Married,4707,8,No,12,Excellent,Very high,2,Better
471,24,No,Travel_Frequently,Sales,24,Bachelors,Medical,Very high,Male,High,Sales Representative,Very high,Married,2400,0,No,13,Excellent,High,3,Better
472,38,No,Travel_Rarely,Research & Development,10,Bachelors,Medical,High,Female,High,Healthcare Representative,High,Married,9824,3,No,19,Excellent,High,4,Better
473,37,No,Travel_Rarely,Research & Development,1,Masters,Life Sciences,Medium,Female,High,Manufacturing Director,Medium,Married,6447,6,No,12,Excellent,Medium,2,Good
474,49,No,Travel_Rarely,Research & Development,18,Masters,Life Sciences,Very high,Male,Medium,Research Director,High,Divorced,19502,1,Yes,17,Excellent,High,5,Better
475,24,No,Travel_Rarely,Research & Development,23,Bachelors,Medical,Medium,Male,Very high,Research Scientist,Very high,Married,2725,1,Yes,11,Excellent,Medium,3,Better
476,26,No,Travel_Rarely,Sales,28,Some college,Marketing,Low,Male,High,Sales Executive,Medium,Married,6272,1,No,20,Outstanding,Very high,5,Best
477,24,No,Travel_Rarely,Research & Development,17,Some college,Other,Very high,Male,Medium,Laboratory Technician,Medium,Married,2127,1,No,21,Outstanding,Very high,2,Better
478,50,No,Travel_Frequently,Human Resources,3,Bachelors,Medical,Low,Male,High,Manager,Medium,Married,18200,1,No,11,Excellent,High,2,Better
479,25,No,Travel_Rarely,Sales,13,No college,Medical,Medium,Male,High,Sales Representative,High,Married,2096,1,No,11,Excellent,High,1,Better
480,24,Yes,Travel_Frequently,Research & Development,7,Bachelors,Life Sciences,Low,Female,High,Laboratory Technician,High,Married,2886,1,Yes,16,Excellent,Very high,4,Better
481,30,Yes,Travel_Frequently,Sales,12,Masters,Life Sciences,Medium,Male,Medium,Sales Representative,Low,Married,2033,1,No,18,Excellent,High,2,Best
482,34,No,Travel_Rarely,Research & Development,1,Some college,Life Sciences,Medium,Male,Medium,Research Scientist,Very high,Married,3622,1,Yes,13,Excellent,Very high,3,Better
483,31,Yes,Travel_Rarely,Sales,13,Masters,Medical,Medium,Male,High,Sales Executive,Low,Divorced,4233,2,No,17,Excellent,High,2,Bad
484,35,No,Travel_Rarely,Research & Development,25,Some college,Other,Low,Male,Medium,Laboratory Technician,Very high,Single,3681,4,No,14,Excellent,Very high,3,Better
485,31,No,Travel_Rarely,Sales,6,Masters,Medical,Low,Male,Very high,Sales Executive,Very high,Divorced,5460,4,No,22,Outstanding,Very high,4,Best
486,27,No,Travel_Rarely,Research & Development,6,Masters,Medical,Low,Female,Medium,Research Scientist,High,Divorced,2187,0,No,12,Excellent,High,5,Good
487,37,No,Travel_Rarely,Sales,2,Bachelors,Marketing,Very high,Male,High,Sales Executive,High,Married,9602,4,Yes,11,Excellent,High,3,Good
488,20,No,Travel_Rarely,Research & Development,1,Bachelors,Life Sciences,Very high,Female,Medium,Research Scientist,Medium,Single,2836,1,No,13,Excellent,Very high,0,Best
489,42,No,Travel_Rarely,Research & Development,2,Masters,Life Sciences,High,Female,High,Healthcare Representative,Very high,Married,4089,1,No,13,Excellent,Medium,4,Better
490,43,No,Travel_Rarely,Research & Development,6,Masters,Other,Medium,Male,Medium,Research Director,Very high,Divorced,16627,4,Yes,14,Excellent,High,3,Good
491,38,No,Travel_Rarely,Research & Development,1,No college,Life Sciences,High,Female,High,Research Scientist,Low,Single,2619,3,No,17,Excellent,Very high,3,Good
492,43,No,Travel_Frequently,Research & Development,9,Doctorate,Medical,Very high,Male,High,Laboratory Technician,High,Divorced,5679,3,Yes,13,Excellent,Medium,3,Better
493,48,No,Travel_Rarely,Research & Development,1,Masters,Life Sciences,Very high,Female,Medium,Manager,Low,Married,15402,7,No,11,Excellent,Low,3,Bad
494,44,No,Travel_Rarely,Human Resources,1,Masters,Life Sciences,Low,Female,Medium,Human Resources,High,Single,5985,4,No,11,Excellent,Medium,1,Best
495,34,No,Travel_Rarely,Sales,14,Bachelors,Technical Degree,High,Female,High,Sales Representative,High,Divorced,2579,1,Yes,18,Excellent,Very high,3,Better
496,27,Yes,Travel_Rarely,Sales,2,No college,Marketing,High,Male,High,Sales Representative,Low,Divorced,3041,0,No,11,Excellent,Medium,3,Better
497,21,No,Travel_Rarely,Sales,22,No college,Technical Degree,High,Male,High,Sales Representative,High,Single,3447,1,No,11,Excellent,High,2,Better
498,44,No,Travel_Rarely,Research & Development,3,Masters,Other,Very high,Male,High,Manager,Very high,Married,19513,4,Yes,12,Excellent,Low,2,Best
499,22,No,Travel_Rarely,Research & Development,6,No college,Medical,Low,Male,High,Research Scientist,High,Married,2773,0,No,20,Outstanding,Very high,3,Better
500,33,No,Travel_Rarely,Sales,8,Masters,Marketing,High,Male,High,Sales Executive,High,Divorced,7104,0,No,12,Excellent,Very high,3,Better
501,32,No,Travel_Rarely,Research & Development,9,Masters,Life Sciences,Low,Female,High,Research Scientist,Very high,Married,6322,1,Yes,12,Excellent,Very high,2,Good
502,30,No,Travel_Frequently,Research & Development,3,Bachelors,Medical,High,Female,High,Research Scientist,High,Divorced,2083,1,No,20,Outstanding,High,2,Better
503,53,No,Travel_Rarely,Sales,1,No college,Medical,Very high,Female,High,Sales Executive,Low,Single,8381,7,No,20,Outstanding,Very high,2,Best
504,34,No,Travel_Rarely,Research & Development,1,Doctorate,Life Sciences,Medium,Male,High,Research Scientist,Very high,Married,2691,1,No,12,Excellent,Very high,4,Good
505,45,Yes,Travel_Frequently,Sales,26,Masters,Life Sciences,Low,Female,High,Sales Executive,Low,Married,4286,2,No,14,Excellent,Very high,4,Better
506,26,No,Travel_Rarely,Research & Development,6,Bachelors,Life Sciences,High,Female,High,Laboratory Technician,Very high,Married,2659,1,Yes,13,Excellent,High,2,Better
507,37,No,Travel_Rarely,Research & Development,3,Bachelors,Other,High,Male,High,Manufacturing Director,High,Married,9434,1,No,15,Excellent,High,2,Better
508,29,No,Travel_Rarely,Sales,3,Some college,Medical,Medium,Female,High,Sales Executive,High,Married,5561,1,No,14,Excellent,Low,5,Good
509,35,No,Travel_Rarely,Research & Development,6,Masters,Life Sciences,Medium,Male,Low,Research Scientist,Very high,Single,6646,1,No,13,Excellent,Medium,3,Better
510,33,No,Travel_Frequently,Research & Development,6,Bachelors,Life Sciences,High,Male,High,Healthcare Representative,Very high,Divorced,7725,3,No,23,Outstanding,High,2,Bad
511,54,No,Travel_Rarely,Human Resources,19,Masters,Medical,High,Male,High,Human Resources,Medium,Married,10725,2,No,15,Excellent,High,1,Best
512,36,No,Travel_Rarely,Research & Development,9,Some college,Medical,Medium,Male,Medium,Manufacturing Director,Medium,Divorced,8847,2,Yes,11,Excellent,High,2,Better
513,27,No,Travel_Rarely,Research & Development,3,Masters,Medical,Low,Male,Medium,Research Scientist,Very high,Single,2045,0,No,13,Excellent,Very high,0,Better
514,20,Yes,Travel_Rarely,Research & Development,10,No college,Medical,Very high,Male,High,Research Scientist,High,Single,1009,1,Yes,11,Excellent,Very high,5,Better
515,33,Yes,Travel_Frequently,Research & Development,3,Bachelors,Life Sciences,Low,Male,High,Research Scientist,Low,Single,3348,1,Yes,11,Excellent,Low,3,Better
516,35,No,Non-Travel,Research & Development,3,Bachelors,Life Sciences,High,Male,Medium,Laboratory Technician,High,Married,1281,1,No,18,Excellent,High,3,Better
517,23,No,Travel_Rarely,Research & Development,4,Bachelors,Medical,Low,Male,Very high,Research Scientist,Low,Married,2819,2,No,16,Excellent,Low,3,Best
518,25,No,Travel_Rarely,Sales,8,Bachelors,Life Sciences,Very high,Male,Very high,Sales Executive,Medium,Married,4851,0,No,22,Outstanding,High,4,Better
519,38,No,Travel_Rarely,Sales,7,Masters,Marketing,Very high,Female,Medium,Sales Executive,Very high,Single,4028,0,No,20,Outstanding,Low,2,Better
520,29,No,Travel_Frequently,Research & Development,1,Masters,Life Sciences,Medium,Male,Low,Research Scientist,Very high,Divorced,2720,1,No,18,Excellent,Very high,5,Better
521,48,No,Travel_Rarely,Sales,2,No college,Marketing,Medium,Male,Very high,Sales Executive,Medium,Married,8120,3,No,12,Excellent,Very high,3,Better
522,27,No,Travel_Frequently,Sales,3,No college,Medical,Very high,Female,Very high,Sales Executive,Very high,Divorced,4647,1,Yes,20,Outstanding,Medium,3,Better
523,37,No,Travel_Rarely,Research & Development,10,Some college,Life Sciences,Very high,Male,Very high,Research Scientist,Very high,Single,4680,3,No,17,Excellent,Low,2,Better
524,50,No,Travel_Rarely,Research & Development,28,No college,Medical,Very high,Male,Very high,Laboratory Technician,High,Married,3221,1,Yes,11,Excellent,High,3,Better
525,34,No,Travel_Rarely,Research & Development,9,Bachelors,Medical,Very high,Female,Medium,Healthcare Representative,Medium,Single,8621,1,No,14,Excellent,Medium,3,Best
526,24,Yes,Travel_Rarely,Sales,3,Some college,Life Sciences,Low,Female,High,Sales Executive,High,Single,4577,9,No,14,Excellent,Low,3,Better
527,39,No,Travel_Rarely,Research & Development,2,Masters,Technical Degree,Very high,Female,Medium,Healthcare Representative,High,Single,4553,1,No,11,Excellent,Low,4,Better
528,32,No,Travel_Rarely,Sales,10,Bachelors,Marketing,Very high,Male,High,Sales Executive,Very high,Single,5396,1,No,12,Excellent,Very high,2,Good
529,50,Yes,Travel_Frequently,Sales,8,Some college,Technical Degree,Medium,Male,High,Sales Executive,High,Married,6796,3,Yes,14,Excellent,Low,4,Better
530,38,No,Travel_Rarely,Research & Development,1,Masters,Life Sciences,Medium,Female,Very high,Healthcare Representative,Very high,Single,7625,0,No,13,Excellent,High,4,Good
531,27,No,Travel_Rarely,Research & Development,1,Some college,Life Sciences,High,Female,High,Manufacturing Director,Low,Married,7412,1,No,11,Excellent,Very high,3,Better
532,32,No,Travel_Rarely,Research & Development,3,Some college,Life Sciences,High,Female,High,Research Director,Very high,Single,11159,3,No,15,Excellent,Very high,6,Better
533,47,No,Travel_Rarely,Sales,14,Masters,Marketing,Very high,Male,High,Sales Executive,Low,Single,4960,2,No,12,Excellent,Very high,2,Better
534,40,No,Travel_Frequently,Sales,5,Masters,Life Sciences,Very high,Male,Medium,Sales Executive,Low,Married,10475,5,Yes,21,Outstanding,High,2,Better
535,53,No,Travel_Rarely,Research & Development,7,Bachelors,Life Sciences,High,Male,Very high,Research Director,High,Married,14814,3,No,19,Excellent,High,3,Better
536,41,No,Travel_Rarely,Human Resources,10,Masters,Human Resources,Medium,Male,Medium,Manager,Very high,Divorced,19141,3,No,15,Excellent,Medium,2,Good
537,60,No,Travel_Rarely,Sales,16,Masters,Marketing,Low,Male,High,Sales Executive,Low,Single,5405,8,No,14,Excellent,Very high,1,Better
538,27,No,Travel_Frequently,Research & Development,10,Some college,Life Sciences,Very high,Male,High,Manufacturing Director,Low,Divorced,8793,1,No,21,Outstanding,High,4,Good
539,41,No,Travel_Rarely,Human Resources,1,Bachelors,Human Resources,Very high,Male,Medium,Manager,High,Married,19189,1,No,12,Excellent,Medium,3,Better
540,50,No,Travel_Rarely,Sales,8,Masters,Marketing,Very high,Male,High,Sales Representative,Medium,Married,3875,7,No,15,Excellent,Very high,2,Better
541,28,Yes,Travel_Rarely,Research & Development,1,Some college,Life Sciences,Low,Female,Low,Research Scientist,Medium,Single,2216,7,Yes,13,Excellent,Very high,4,Better
542,36,No,Non-Travel,Research & Development,8,Bachelors,Life Sciences,Low,Female,Very high,Research Director,Low,Married,11713,9,No,14,Excellent,Low,2,Better
543,38,No,Travel_Rarely,Research & Development,1,Bachelors,Life Sciences,High,Female,High,Manufacturing Director,High,Single,7861,4,Yes,14,Excellent,Very high,4,Best
544,44,No,Non-Travel,Research & Development,24,Bachelors,Medical,Low,Male,Low,Laboratory Technician,High,Single,3708,2,No,14,Excellent,High,5,Better
545,47,No,Travel_Frequently,Sales,3,Bachelors,Medical,Very high,Female,High,Sales Executive,High,Divorced,13770,9,Yes,12,Excellent,Very high,2,Good
546,30,No,Travel_Rarely,Sales,27,Doctorate,Marketing,High,Male,High,Sales Executive,Very high,Divorced,5304,7,No,23,Outstanding,Very high,2,Good
547,29,No,Travel_Rarely,Sales,10,Bachelors,Life Sciences,High,Male,High,Sales Representative,High,Single,2642,1,No,11,Excellent,High,6,Better
548,42,Yes,Travel_Frequently,Research & Development,19,Bachelors,Medical,High,Male,Very high,Research Scientist,High,Divorced,2759,6,Yes,12,Excellent,Very high,2,Better
549,43,No,Travel_Frequently,Sales,15,Bachelors,Life Sciences,Very high,Male,Medium,Sales Executive,Very high,Married,6804,3,No,18,Excellent,High,5,Better
550,34,No,Travel_Rarely,Research & Development,8,Some college,Medical,Medium,Female,High,Healthcare Representative,High,Single,6142,3,No,11,Excellent,Very high,2,Better
551,23,No,Travel_Rarely,Research & Development,9,No college,Medical,Medium,Male,High,Laboratory Technician,Low,Married,2500,1,No,14,Excellent,Very high,2,Best
552,39,No,Travel_Rarely,Human Resources,3,Bachelors,Human Resources,High,Female,Very high,Human Resources,Medium,Married,6389,9,No,15,Excellent,High,3,Bad
553,56,No,Travel_Rarely,Research & Development,9,Bachelors,Medical,High,Male,High,Healthcare Representative,Very high,Married,11103,7,No,11,Excellent,High,1,Good
554,40,No,Travel_Rarely,Research & Development,2,No college,Medical,Very high,Female,Medium,Research Scientist,Very high,Single,2342,0,Yes,20,Outstanding,Very high,2,Good
555,27,No,Travel_Rarely,Research & Development,7,Bachelors,Medical,Very high,Female,Medium,Healthcare Representative,Low,Single,6811,8,No,19,Excellent,Low,2,Bad
556,29,No,Travel_Rarely,Sales,10,Bachelors,Marketing,Very high,Male,High,Sales Representative,Medium,Divorced,2297,1,No,14,Excellent,Very high,2,Better
557,53,No,Travel_Rarely,Research & Development,6,Bachelors,Life Sciences,Very high,Male,High,Laboratory Technician,Very high,Single,2450,2,No,17,Excellent,Very high,4,Better
558,35,No,Non-Travel,Research & Development,2,Masters,Life Sciences,Very high,Female,High,Healthcare Representative,Low,Divorced,5093,2,No,11,Excellent,Low,2,Best
559,32,No,Travel_Frequently,Research & Development,24,Masters,Life Sciences,Low,Male,High,Laboratory Technician,Very high,Married,5309,1,No,15,Excellent,Very high,2,Better
560,38,No,Travel_Rarely,Research & Development,2,Doctorate,Medical,Very high,Male,High,Research Scientist,High,Married,3057,6,Yes,13,Excellent,Medium,0,Bad
561,34,No,Travel_Rarely,Research & Development,8,Doctorate,Life Sciences,Medium,Female,High,Manufacturing Director,Low,Divorced,5121,3,No,14,Excellent,High,3,Better
562,52,No,Travel_Rarely,Sales,3,Masters,Marketing,High,Male,Medium,Manager,Low,Married,16856,1,No,11,Excellent,Low,3,Best
563,33,Yes,Travel_Rarely,Research & Development,1,Masters,Other,Very high,Male,High,Research Scientist,Very high,Single,2686,1,Yes,13,Excellent,High,2,Good
564,25,No,Travel_Rarely,Sales,26,No college,Medical,High,Female,High,Sales Executive,Very high,Single,6180,1,No,23,Outstanding,Medium,5,Good
565,45,No,Travel_Rarely,Sales,2,Some college,Technical Degree,Medium,Male,Low,Sales Representative,High,Single,6632,0,No,13,Excellent,Low,3,Better
566,23,No,Travel_Rarely,Research & Development,10,No college,Medical,Low,Male,Very high,Research Scientist,High,Single,3505,1,No,18,Excellent,Very high,3,Better
567,47,Yes,Travel_Frequently,Sales,27,Some college,Life Sciences,Medium,Female,Very high,Sales Executive,High,Single,6397,4,Yes,12,Excellent,Very high,2,Better
568,34,No,Travel_Rarely,Sales,2,Bachelors,Other,Very high,Male,High,Sales Executive,Very high,Single,6274,1,No,22,Outstanding,High,5,Better
569,55,Yes,Travel_Rarely,Research & Development,2,Bachelors,Medical,Very high,Male,High,Manager,Low,Married,19859,5,Yes,13,Excellent,Very high,2,Better
570,36,No,Non-Travel,Sales,8,Masters,Life Sciences,Low,Male,Medium,Sales Executive,Low,Single,7587,1,No,15,Excellent,Medium,1,Better
571,52,No,Non-Travel,Research & Development,19,Masters,Medical,Very high,Male,High,Research Scientist,Very high,Married,4258,0,No,18,Excellent,Low,3,Better
572,26,No,Travel_Frequently,Research & Development,1,Some college,Life Sciences,Low,Female,Low,Laboratory Technician,Very high,Divorced,4364,3,No,14,Excellent,Low,2,Better
573,29,No,Travel_Rarely,Research & Development,27,Bachelors,Medical,Medium,Female,High,Healthcare Representative,High,Married,4335,4,No,12,Excellent,Low,3,Good
574,26,Yes,Travel_Rarely,Sales,8,Bachelors,Technical Degree,Very high,Male,Medium,Sales Executive,Low,Single,5326,6,No,17,Excellent,High,2,Good
575,34,No,Travel_Rarely,Research & Development,1,Masters,Life Sciences,Medium,Female,Very high,Research Scientist,Very high,Single,3280,2,No,16,Excellent,High,2,Better
576,54,No,Travel_Rarely,Research & Development,19,Masters,Medical,Very high,Female,High,Manufacturing Director,Low,Divorced,5485,9,Yes,11,Excellent,Medium,4,Better
577,27,No,Travel_Frequently,Sales,8,No college,Marketing,High,Male,High,Sales Executive,Very high,Married,4342,0,No,19,Excellent,Medium,3,Better
578,37,No,Travel_Rarely,Research & Development,10,No college,Life Sciences,Very high,Female,High,Research Scientist,Low,Divorced,2782,0,Yes,13,Excellent,Medium,3,Good
579,38,No,Travel_Frequently,Research & Development,2,Masters,Life Sciences,Low,Female,Very high,Manufacturing Director,Low,Single,5980,6,Yes,12,Excellent,Very high,2,Better
580,34,No,Travel_Rarely,Research & Development,2,Masters,Medical,High,Female,Medium,Research Scientist,Low,Single,4381,1,No,11,Excellent,High,3,Better
581,35,No,Travel_Rarely,Sales,8,Masters,Life Sciences,Low,Female,High,Sales Representative,Very high,Married,2572,1,No,16,Excellent,Medium,1,Good
582,30,No,Travel_Rarely,Research & Development,1,Bachelors,Life Sciences,Very high,Male,Low,Laboratory Technician,High,Married,3833,3,No,21,Outstanding,High,2,Better
583,40,No,Travel_Frequently,Research & Development,2,Some college,Medical,High,Female,Very high,Healthcare Representative,Medium,Married,4244,1,No,24,Outstanding,Very high,2,Better
584,34,No,Travel_Rarely,Sales,8,Some college,Life Sciences,High,Female,High,Sales Executive,Low,Married,6500,5,No,17,Excellent,Medium,1,Better
585,42,No,Travel_Frequently,Research & Development,8,Bachelors,Life Sciences,Medium,Male,High,Manager,Very high,Divorced,18430,1,No,13,Excellent,Medium,4,Good
586,23,Yes,Travel_Rarely,Research & Development,6,Bachelors,Life Sciences,High,Male,Very high,Laboratory Technician,Low,Married,1601,1,Yes,21,Outstanding,High,2,Better
587,24,No,Non-Travel,Research & Development,9,Bachelors,Life Sciences,High,Male,Medium,Laboratory Technician,Medium,Divorced,2694,1,No,11,Excellent,High,4,Better
588,52,No,Travel_Rarely,Research & Development,11,Masters,Life Sciences,Very high,Female,High,Laboratory Technician,High,Married,3149,8,No,20,Outstanding,Medium,3,Better
589,50,No,Travel_Rarely,Research & Development,2,Bachelors,Medical,High,Male,High,Research Director,High,Married,17639,5,No,16,Excellent,Very high,3,Better
590,29,Yes,Travel_Rarely,Research & Development,1,Some college,Life Sciences,Medium,Female,Medium,Laboratory Technician,Low,Married,2319,1,Yes,11,Excellent,Very high,1,Better
591,33,No,Travel_Rarely,Research & Development,7,Bachelors,Medical,High,Male,High,Research Director,High,Married,11691,0,No,11,Excellent,Very high,3,Best
592,33,Yes,Travel_Rarely,Sales,16,Bachelors,Marketing,Low,Female,High,Sales Executive,Low,Single,5324,5,No,15,Excellent,High,3,Better
593,47,No,Travel_Rarely,Research & Development,2,Some college,Other,High,Female,High,Manager,Very high,Married,16752,1,Yes,11,Excellent,High,3,Good
594,36,No,Travel_Rarely,Research & Development,1,Bachelors,Other,High,Female,High,Manufacturing Director,Medium,Married,5228,0,No,15,Excellent,Low,2,Better
595,29,No,Travel_Rarely,Research & Development,23,Some college,Life Sciences,High,Male,Very high,Research Scientist,High,Married,2700,1,No,24,Outstanding,High,3,Better
596,58,Yes,Travel_Rarely,Research & Development,2,Masters,Life Sciences,Very high,Male,High,Research Director,Medium,Single,19246,7,Yes,12,Excellent,Very high,2,Better
597,35,No,Travel_Rarely,Research & Development,1,Masters,Life Sciences,Very high,Female,Very high,Research Scientist,High,Single,2506,3,No,13,Excellent,High,0,Better
598,42,No,Travel_Rarely,Research & Development,1,Some college,Life Sciences,Very high,Female,Medium,Manufacturing Director,Very high,Married,6062,9,Yes,13,Excellent,Very high,4,Better
599,28,Yes,Travel_Rarely,Research & Development,2,Masters,Medical,High,Male,High,Research Scientist,High,Single,4382,6,No,17,Excellent,Very high,3,Good
600,36,No,Travel_Rarely,Human Resources,13,Bachelors,Human Resources,High,Male,High,Human Resources,Medium,Married,2143,4,No,13,Excellent,Medium,2,Better
601,32,No,Travel_Rarely,Research & Development,4,Bachelors,Life Sciences,High,Female,Medium,Manufacturing Director,High,Married,6162,1,No,12,Excellent,High,3,Better
602,40,No,Travel_Frequently,Research & Development,16,Masters,Medical,Low,Male,Medium,Laboratory Technician,High,Single,5094,6,No,14,Excellent,Very high,6,Better
603,30,No,Travel_Rarely,Research & Development,2,Bachelors,Medical,High,Female,Medium,Manufacturing Director,Very high,Single,6877,5,Yes,24,Outstanding,Medium,4,Good
604,45,No,Travel_Rarely,Research & Development,2,Bachelors,Life Sciences,Medium,Female,Medium,Research Scientist,High,Single,2274,1,No,14,Excellent,Very high,3,Better
605,42,No,Travel_Rarely,Research & Development,29,Bachelors,Life Sciences,Medium,Male,High,Manufacturing Director,Medium,Married,4434,1,No,13,Excellent,Very high,3,Good
606,38,No,Travel_Frequently,Research & Development,12,Bachelors,Life Sciences,Low,Male,Medium,Healthcare Representative,Low,Divorced,6288,2,No,15,Excellent,High,3,Good
607,34,No,Travel_Frequently,Research & Development,16,Masters,Life Sciences,High,Female,Medium,Research Scientist,Very high,Single,2553,1,No,16,Excellent,High,3,Better
608,49,Yes,Travel_Rarely,Sales,11,Bachelors,Marketing,High,Female,High,Sales Executive,Very high,Married,7654,1,No,18,Excellent,Low,3,Best
609,55,Yes,Travel_Rarely,Sales,2,No college,Medical,High,Male,High,Sales Executive,Very high,Single,5160,4,No,16,Excellent,High,3,Good
610,43,No,Travel_Rarely,Research & Development,14,Some college,Life Sciences,Medium,Male,High,Research Director,Low,Married,17159,6,No,24,Outstanding,High,3,Better
611,27,No,Travel_Rarely,Research & Development,5,No college,Technical Degree,High,Male,Medium,Research Director,Very high,Divorced,12808,1,Yes,16,Excellent,Medium,3,Better
612,35,No,Travel_Rarely,Research & Development,7,Bachelors,Other,High,Male,High,Manufacturing Director,High,Single,10221,3,No,21,Outstanding,Medium,3,Best
613,28,No,Travel_Rarely,Sales,2,Masters,Marketing,Medium,Female,High,Sales Executive,Medium,Married,4779,1,Yes,20,Outstanding,Low,2,Better
614,34,No,Travel_Rarely,Human Resources,3,Some college,Human Resources,High,Male,High,Human Resources,Very high,Married,3737,0,No,19,Excellent,High,1,Bad
615,26,Yes,Travel_Frequently,Research & Development,5,Some college,Medical,High,Female,Medium,Research Scientist,High,Married,2366,1,Yes,14,Excellent,Low,2,Better
616,27,No,Non-Travel,Research & Development,3,Bachelors,Medical,Very high,Male,High,Research Scientist,Very high,Married,1706,1,No,11,Excellent,High,6,Good
617,51,No,Travel_Rarely,Sales,26,Masters,Marketing,Low,Female,High,Manager,High,Married,16307,2,No,14,Excellent,High,2,Good
618,44,No,Travel_Rarely,Research & Development,4,Bachelors,Medical,Very high,Male,High,Healthcare Representative,Medium,Single,5933,9,No,12,Excellent,Very high,2,Good
619,25,No,Travel_Rarely,Research & Development,2,No college,Medical,Low,Male,Very high,Research Scientist,Low,Single,3424,7,No,13,Excellent,High,3,Good
620,33,No,Travel_Rarely,Sales,1,Bachelors,Medical,Low,Male,Very high,Sales Executive,Low,Divorced,4037,1,No,22,Outstanding,Low,5,Better
621,35,No,Travel_Rarely,Research & Development,27,No college,Medical,High,Female,Medium,Research Scientist,Low,Single,2559,1,No,11,Excellent,Very high,3,Good
622,36,No,Travel_Rarely,Sales,1,Some college,Life Sciences,Medium,Male,High,Sales Executive,Very high,Married,6201,1,Yes,14,Excellent,Very high,1,Good
623,32,No,Travel_Rarely,Sales,13,Masters,Life Sciences,Medium,Male,High,Sales Executive,Very high,Divorced,4403,2,No,11,Excellent,High,3,Good
624,30,No,Travel_Frequently,Research & Development,5,Masters,Life Sciences,Medium,Male,Medium,Research Scientist,Very high,Divorced,3761,9,No,12,Excellent,Medium,3,Good
625,53,No,Travel_Rarely,Sales,7,Some college,Marketing,Low,Female,Medium,Sales Executive,Very high,Married,10934,7,Yes,18,Excellent,Very high,3,Better
626,45,No,Travel_Rarely,Sales,9,Bachelors,Marketing,Very high,Male,High,Sales Executive,Low,Divorced,10761,4,Yes,12,Excellent,High,2,Better
627,32,No,Travel_Rarely,Research & Development,8,Some college,Medical,High,Female,Very high,Research Scientist,High,Married,5175,5,No,12,Excellent,High,3,Good
628,52,No,Travel_Frequently,Research & Development,25,Masters,Medical,High,Female,Medium,Manufacturing Director,Very high,Married,13826,3,No,22,Outstanding,High,3,Better
629,37,No,Travel_Rarely,Sales,16,Masters,Marketing,Very high,Male,Medium,Sales Executive,High,Divorced,6334,4,No,19,Excellent,Very high,2,Better
630,28,No,Travel_Rarely,Human Resources,8,Some college,Medical,Medium,Male,Medium,Human Resources,Very high,Divorced,4936,1,No,13,Excellent,Very high,6,Better
631,22,No,Travel_Rarely,Research & Development,1,Some college,Life Sciences,Very high,Male,Medium,Manufacturing Director,Very high,Married,4775,6,No,22,Outstanding,Low,2,Bad
632,44,No,Travel_Rarely,Research & Development,8,Masters,Life Sciences,Low,Male,Very high,Laboratory Technician,Very high,Married,2818,2,Yes,24,Outstanding,High,2,Good
633,42,No,Travel_Frequently,Research & Development,2,No college,Medical,Medium,Male,High,Research Scientist,Very high,Single,2515,5,Yes,14,Excellent,Very high,2,Better
634,36,No,Travel_Rarely,Human Resources,8,Bachelors,Life Sciences,Low,Male,Medium,Human Resources,Low,Married,2342,0,No,21,Outstanding,High,3,Better
635,25,No,Travel_Rarely,Sales,3,No college,Other,High,Male,High,Sales Executive,Low,Married,4194,1,Yes,18,Excellent,Very high,3,Better
636,35,No,Travel_Rarely,Research & Development,9,Bachelors,Life Sciences,Very high,Female,Medium,Manufacturing Director,High,Married,10685,1,Yes,20,Outstanding,Medium,2,Better
637,35,Yes,Travel_Frequently,Research & Development,25,Masters,Life Sciences,Very high,Female,High,Research Scientist,Medium,Divorced,2022,1,Yes,19,Excellent,Low,3,Good
638,32,No,Non-Travel,Research & Development,1,Bachelors,Life Sciences,Very high,Male,High,Laboratory Technician,Very high,Divorced,2314,0,No,12,Excellent,Medium,2,Better
639,25,No,Travel_Rarely,Sales,4,No college,Marketing,High,Male,Medium,Sales Executive,Low,Married,4256,1,No,12,Excellent,Low,1,Best
640,49,No,Travel_Rarely,Research & Development,1,Bachelors,Technical Degree,High,Female,High,Research Scientist,Low,Married,3580,2,No,16,Excellent,Medium,2,Better
641,24,No,Non-Travel,Research & Development,4,No college,Life Sciences,Low,Male,Medium,Laboratory Technician,Very high,Married,3162,0,No,17,Excellent,Very high,2,Good
642,32,No,Travel_Frequently,Sales,5,Some college,Life Sciences,Medium,Male,High,Sales Executive,Medium,Married,6524,1,No,14,Excellent,Very high,3,Better
643,38,No,Travel_Rarely,Sales,9,Bachelors,Marketing,Medium,Male,Medium,Sales Representative,Medium,Married,2899,0,No,19,Excellent,Very high,3,Better
644,42,No,Travel_Rarely,Research & Development,3,Bachelors,Life Sciences,High,Female,Very high,Laboratory Technician,Very high,Married,5231,2,Yes,13,Excellent,Medium,1,Good
645,31,No,Travel_Rarely,Research & Development,11,Masters,Life Sciences,Very high,Male,High,Research Scientist,Very high,Married,2356,3,Yes,19,Excellent,Medium,2,Better
646,29,Yes,Travel_Rarely,Sales,1,Bachelors,Medical,Medium,Female,Medium,Sales Representative,High,Divorced,2800,6,Yes,19,Excellent,High,3,Better
647,53,No,Travel_Rarely,Sales,8,Bachelors,Marketing,Low,Male,High,Sales Executive,Very high,Married,11836,5,No,14,Excellent,High,3,Better
648,35,No,Travel_Rarely,Research & Development,25,Bachelors,Technical Degree,Very high,Male,Medium,Manufacturing Director,Medium,Married,10903,3,No,16,Excellent,Low,2,Better
649,37,No,Travel_Frequently,Sales,21,Some college,Medical,High,Female,High,Sales Representative,Very high,Married,2973,5,No,15,Excellent,Medium,3,Better
650,53,No,Travel_Rarely,Research & Development,23,Masters,Life Sciences,Very high,Female,High,Research Director,Very high,Single,14275,6,No,18,Excellent,High,0,Better
651,43,No,Travel_Frequently,Research & Development,1,Bachelors,Life Sciences,Very high,Female,High,Healthcare Representative,Very high,Married,5562,4,No,13,Excellent,Medium,2,Good
652,47,No,Travel_Rarely,Sales,2,Some college,Marketing,High,Female,High,Sales Executive,Very high,Married,4537,0,Yes,22,Outstanding,Low,2,Better
653,37,No,Non-Travel,Sales,19,Some college,Medical,Low,Male,High,Sales Executive,Medium,Single,7642,1,Yes,13,Excellent,Very high,2,Better
654,50,No,Non-Travel,Research & Development,2,Masters,Life Sciences,Low,Male,High,Manager,Low,Divorced,17924,1,No,11,Excellent,Very high,3,Better
655,39,No,Travel_Rarely,Human Resources,2,Bachelors,Life Sciences,Very high,Female,Medium,Human Resources,Very high,Married,5204,8,No,11,Excellent,High,2,Better
656,33,No,Travel_Rarely,Human Resources,3,Some college,Human Resources,Very high,Male,High,Human Resources,Medium,Divorced,2277,3,Yes,11,Excellent,High,4,Best
657,32,Yes,Travel_Rarely,Research & Development,25,Masters,Life Sciences,Low,Male,High,Laboratory Technician,Very high,Single,2795,1,Yes,24,Outstanding,High,2,Bad
658,29,No,Travel_Rarely,Research & Development,7,No college,Medical,Low,Female,Medium,Laboratory Technician,Very high,Divorced,2532,6,No,14,Excellent,High,5,Better
659,44,No,Travel_Rarely,Research & Development,9,Some college,Life Sciences,Medium,Male,High,Research Scientist,Low,Married,2559,1,Yes,13,Excellent,Very high,0,Better
660,28,No,Travel_Rarely,Sales,5,Masters,Medical,Low,Male,High,Sales Executive,Very high,Single,4908,1,No,14,Excellent,Medium,3,Better
661,58,Yes,Travel_Frequently,Research & Development,2,No college,Life Sciences,Very high,Male,Medium,Laboratory Technician,Very high,Divorced,2380,9,Yes,14,Excellent,Very high,3,Good
662,43,No,Travel_Rarely,Research & Development,8,Bachelors,Life Sciences,Low,Female,High,Manufacturing Director,Medium,Divorced,4765,4,No,21,Outstanding,High,2,Best
663,20,Yes,Travel_Rarely,Sales,2,Bachelors,Medical,High,Female,Medium,Sales Representative,High,Single,2044,1,No,13,Excellent,Very high,3,Good
664,21,Yes,Travel_Rarely,Research & Development,18,No college,Other,Very high,Female,High,Research Scientist,Very high,Single,2693,1,No,19,Excellent,Low,3,Good
665,36,No,Travel_Rarely,Research & Development,14,No college,Life Sciences,High,Male,High,Healthcare Representative,Very high,Married,6586,0,Yes,17,Excellent,Low,2,Good
666,47,No,Travel_Rarely,Sales,2,Masters,Life Sciences,Very high,Female,Medium,Sales Representative,Very high,Single,3294,1,Yes,18,Excellent,Low,3,Good
667,22,Yes,Travel_Rarely,Research & Development,3,No college,Life Sciences,Medium,Female,High,Manufacturing Director,High,Married,4171,0,Yes,19,Excellent,Low,3,Best
668,41,Yes,Travel_Rarely,Research & Development,2,Masters,Life Sciences,Medium,Female,Low,Laboratory Technician,Very high,Divorced,2778,4,Yes,13,Excellent,High,1,Good
669,28,No,Travel_Rarely,Research & Development,9,Bachelors,Medical,High,Female,High,Research Scientist,High,Divorced,2377,5,No,18,Excellent,Medium,2,Better
670,39,Yes,Travel_Rarely,Research & Development,6,Bachelors,Medical,Very high,Male,High,Laboratory Technician,Low,Married,2404,7,Yes,21,Outstanding,Very high,2,Bad
671,27,No,Travel_Rarely,Research & Development,4,Bachelors,Life Sciences,Medium,Female,High,Research Scientist,High,Single,2318,1,No,19,Excellent,High,2,Better
672,34,No,Travel_Rarely,Research & Development,10,Bachelors,Life Sciences,Medium,Male,High,Laboratory Technician,Medium,Divorced,2008,1,No,14,Excellent,Medium,3,Better
673,42,No,Travel_Rarely,Sales,14,Some college,Medical,High,Female,Medium,Sales Executive,High,Single,6244,7,No,17,Excellent,Low,6,Better
674,33,No,Travel_Rarely,Research & Development,1,Masters,Other,High,Male,Medium,Research Scientist,Low,Single,2799,3,Yes,11,Excellent,Medium,1,Better
675,58,No,Travel_Rarely,Research & Development,5,Bachelors,Technical Degree,High,Female,Medium,Healthcare Representative,Medium,Divorced,10552,2,Yes,13,Excellent,Very high,3,Better
676,31,No,Travel_Rarely,Sales,7,Masters,Life Sciences,Medium,Male,Medium,Sales Representative,High,Married,2329,3,No,15,Excellent,Medium,2,Best
677,35,No,Travel_Rarely,Research & Development,21,No college,Life Sciences,Very high,Female,High,Healthcare Representative,Very high,Married,4014,1,Yes,25,Outstanding,Very high,2,Bad
678,49,No,Travel_Rarely,Research & Development,8,Some college,Other,Low,Female,High,Laboratory Technician,Medium,Married,7403,4,No,11,Excellent,High,3,Good
679,48,No,Travel_Rarely,Research & Development,20,Masters,Medical,Very high,Male,High,Research Scientist,High,Married,2259,4,No,17,Excellent,Low,2,Good
680,31,No,Non-Travel,Sales,20,Some college,Marketing,Very high,Female,High,Sales Executive,High,Married,6932,1,No,13,Excellent,Very high,2,Good
681,36,No,Travel_Rarely,Research & Development,7,Masters,Other,Medium,Male,High,Research Scientist,Very high,Single,4678,2,No,18,Excellent,High,6,Better
682,38,No,Travel_Rarely,Research & Development,1,Bachelors,Technical Degree,Very high,Female,High,Research Director,Low,Married,13582,1,No,13,Excellent,Medium,3,Better
683,32,No,Non-Travel,Research & Development,1,Bachelors,Life Sciences,High,Female,Medium,Laboratory Technician,Medium,Married,2332,6,No,20,Outstanding,High,3,Better
684,25,Yes,Travel_Rarely,Sales,19,Some college,Marketing,High,Male,Medium,Sales Representative,Medium,Married,2413,1,Yes,18,Excellent,High,2,Better
685,40,No,Travel_Rarely,Sales,10,Masters,Marketing,Low,Male,Medium,Sales Executive,Medium,Divorced,9705,2,No,12,Excellent,Medium,2,Good
686,26,No,Travel_Frequently,Sales,1,Bachelors,Medical,High,Male,Medium,Sales Executive,Low,Single,4294,1,No,12,Excellent,Medium,2,Better
687,41,No,Travel_Rarely,Research & Development,6,Bachelors,Medical,Very high,Male,High,Laboratory Technician,Low,Single,4721,2,Yes,13,Excellent,High,3,Better
688,36,No,Travel_Rarely,Research & Development,2,Masters,Medical,High,Male,High,Laboratory Technician,High,Single,2519,4,No,21,Outstanding,High,6,Better
689,19,Yes,Travel_Rarely,Sales,21,Bachelors,Other,Very high,Male,Medium,Sales Representative,Medium,Single,2121,1,Yes,13,Excellent,Medium,3,Best
690,20,Yes,Travel_Rarely,Research & Development,4,Bachelors,Technical Degree,Low,Male,High,Laboratory Technician,Low,Single,2973,1,No,19,Excellent,Medium,2,Better
691,31,No,Travel_Rarely,Research & Development,12,Bachelors,Medical,Very high,Female,High,Healthcare Representative,Very high,Married,5855,0,Yes,11,Excellent,High,2,Bad
692,40,No,Travel_Frequently,Research & Development,9,Masters,Medical,Very high,Male,High,Research Scientist,Medium,Divorced,3617,8,Yes,14,Excellent,Very high,2,Better
693,32,No,Travel_Rarely,Research & Development,3,Masters,Medical,High,Female,High,Manufacturing Director,Low,Married,6725,1,No,12,Excellent,High,2,Best
694,36,Yes,Travel_Rarely,Sales,3,No college,Life Sciences,High,Male,Medium,Sales Executive,Very high,Married,10325,1,Yes,11,Excellent,Low,6,Better
695,33,No,Travel_Rarely,Research & Development,1,Bachelors,Life Sciences,Medium,Female,Medium,Healthcare Representative,Very high,Single,6949,0,No,14,Excellent,Low,3,Better
696,37,Yes,Travel_Rarely,Sales,1,Masters,Life Sciences,Low,Male,Medium,Sales Executive,High,Married,10609,5,No,11,Excellent,High,2,Bad
697,45,No,Non-Travel,Research & Development,4,Some college,Life Sciences,High,Male,High,Laboratory Technician,Medium,Married,4447,1,No,12,Excellent,Medium,5,Good
698,29,No,Travel_Frequently,Sales,20,Bachelors,Technical Degree,High,Female,High,Sales Representative,Very high,Married,2157,1,No,15,Excellent,Medium,5,Better
699,35,No,Travel_Rarely,Sales,18,Bachelors,Medical,High,Female,High,Sales Executive,High,Married,4601,1,No,16,Excellent,Medium,3,Better
700,52,No,Travel_Rarely,Research & Development,1,Some college,Life Sciences,Very high,Male,High,Manager,Very high,Married,17099,2,No,15,Excellent,Medium,2,Good
701,58,Yes,Travel_Rarely,Research & Development,2,Bachelors,Technical Degree,Very high,Male,High,Research Scientist,High,Single,2479,4,No,24,Outstanding,Low,4,Better
702,53,No,Travel_Rarely,Sales,2,Some college,Medical,High,Male,High,Manager,High,Divorced,14852,6,No,13,Excellent,High,3,Best
703,30,No,Travel_Rarely,Sales,8,Some college,Other,High,Male,High,Sales Executive,High,Divorced,7264,5,No,11,Excellent,Low,2,Best
704,38,No,Non-Travel,Sales,10,Bachelors,Technical Degree,High,Female,High,Sales Executive,Very high,Single,5666,1,Yes,13,Excellent,Medium,1,Better
705,35,No,Travel_Rarely,Sales,3,Masters,Life Sciences,Very high,Male,High,Sales Executive,Very high,Divorced,7823,6,No,13,Excellent,Medium,2,Better
706,39,No,Travel_Rarely,Sales,2,Doctorate,Life Sciences,Low,Male,Very high,Sales Executive,High,Single,7880,0,No,18,Excellent,Very high,3,Better
707,40,Yes,Non-Travel,Sales,24,Bachelors,Life Sciences,Medium,Female,Very high,Sales Executive,Medium,Single,13194,4,Yes,16,Excellent,Very high,2,Good
708,47,No,Travel_Frequently,Research & Development,16,Masters,Medical,High,Male,Very high,Manufacturing Director,High,Divorced,5067,1,Yes,19,Excellent,High,3,Best
709,36,No,Non-Travel,Sales,8,Masters,Technical Degree,Low,Male,High,Sales Executive,Very high,Divorced,5079,4,No,13,Excellent,Very high,3,Better
710,31,Yes,Non-Travel,Research & Development,9,Some college,Medical,High,Male,Medium,Research Scientist,Low,Single,2321,0,Yes,22,Outstanding,Low,0,Better
711,33,No,Non-Travel,Sales,17,Bachelors,Life Sciences,Very high,Male,High,Manager,High,Single,17444,1,No,11,Excellent,Very high,2,Better
712,29,Yes,Travel_Rarely,Research & Development,10,Bachelors,Life Sciences,Very high,Female,Medium,Research Scientist,Low,Single,2404,6,Yes,20,Outstanding,High,5,Better
713,33,No,Travel_Rarely,Research & Development,13,No college,Life Sciences,Medium,Female,High,Research Scientist,Very high,Single,3452,3,No,18,Excellent,Low,4,Better
714,45,No,Travel_Rarely,Research & Development,1,Masters,Medical,Very high,Female,High,Laboratory Technician,Very high,Divorced,2270,3,No,14,Excellent,Very high,2,Better
715,50,No,Travel_Rarely,Research & Development,1,Some college,Medical,Very high,Male,High,Research Director,Very high,Divorced,17399,9,No,22,Outstanding,High,1,Good
716,33,No,Travel_Frequently,Research & Development,1,Masters,Other,High,Female,Very high,Healthcare Representative,Medium,Married,5488,1,Yes,13,Excellent,Low,2,Better
717,41,No,Travel_Frequently,Research & Development,9,Bachelors,Medical,Low,Male,High,Research Director,High,Divorced,19419,2,No,17,Excellent,Medium,2,Best
718,27,No,Travel_Rarely,Research & Development,16,Masters,Technical Degree,High,Female,High,Laboratory Technician,Medium,Married,2811,9,No,14,Excellent,Medium,2,Better
719,45,No,Non-Travel,Research & Development,23,Some college,Life Sciences,Very high,Male,High,Laboratory Technician,Low,Married,3633,1,Yes,15,Excellent,High,2,Better
720,47,No,Travel_Rarely,Sales,4,Some college,Life Sciences,Very high,Female,High,Sales Executive,Very high,Single,4163,1,Yes,17,Excellent,High,0,Better
721,30,Yes,Travel_Rarely,Research & Development,22,Bachelors,Life Sciences,Low,Female,High,Research Scientist,High,Married,2132,4,Yes,11,Excellent,Medium,2,Better
722,50,No,Travel_Rarely,Research & Development,24,Bachelors,Life Sciences,Very high,Male,High,Manufacturing Director,High,Married,13973,3,Yes,18,Excellent,Very high,2,Better
723,38,No,Travel_Frequently,Research & Development,10,No college,Medical,High,Male,High,Research Scientist,High,Married,2684,0,No,17,Excellent,Medium,0,Good
724,46,No,Travel_Rarely,Research & Development,7,Some college,Medical,Very high,Male,High,Manufacturing Director,High,Divorced,10845,6,No,13,Excellent,Medium,3,Better
725,24,No,Travel_Rarely,Research & Development,17,No college,Medical,Very high,Female,Medium,Manufacturing Director,High,Divorced,4377,1,No,15,Excellent,Medium,6,Better
726,35,Yes,Travel_Rarely,Research & Development,14,Masters,Other,High,Male,Medium,Laboratory Technician,Medium,Divorced,3743,1,Yes,24,Outstanding,Very high,2,Bad
727,31,No,Travel_Frequently,Research & Development,1,No college,Life Sciences,High,Female,High,Manufacturing Director,Low,Married,4148,1,No,12,Excellent,High,1,Better
728,18,No,Non-Travel,Research & Development,5,Some college,Life Sciences,Medium,Male,High,Research Scientist,Very high,Single,1051,1,No,15,Excellent,Very high,2,Better
729,54,No,Travel_Rarely,Research & Development,17,Bachelors,Technical Degree,High,Female,High,Manufacturing Director,High,Married,10739,8,No,11,Excellent,High,2,Better
730,35,No,Travel_Rarely,Research & Development,25,Masters,Medical,High,Female,High,Healthcare Representative,High,Divorced,10388,1,Yes,11,Excellent,High,3,Good
731,30,No,Travel_Rarely,Research & Development,8,Some college,Life Sciences,Medium,Female,Very high,Research Director,Low,Married,11416,0,Yes,12,Excellent,High,4,Good
732,20,Yes,Travel_Rarely,Research & Development,11,Bachelors,Medical,Very high,Female,Medium,Research Scientist,Low,Single,2600,1,Yes,15,Excellent,Low,2,Better
733,30,Yes,Travel_Frequently,Research & Development,5,Bachelors,Medical,Medium,Female,High,Laboratory Technician,Medium,Single,2422,0,No,17,Excellent,Low,3,Better
734,26,No,Travel_Rarely,Research & Development,2,Some college,Medical,Very high,Male,Very high,Manufacturing Director,Very high,Married,5472,1,No,12,Excellent,Medium,2,Better
735,22,No,Travel_Rarely,Research & Development,8,No college,Life Sciences,Medium,Male,Low,Laboratory Technician,Low,Married,2451,1,No,15,Excellent,Low,3,Good
736,48,No,Travel_Rarely,Research & Development,6,Bachelors,Life Sciences,Low,Male,Medium,Healthcare Representative,High,Single,4240,2,No,13,Excellent,Very high,0,Better
737,48,No,Travel_Rarely,Research & Development,4,Masters,Life Sciences,High,Male,Medium,Healthcare Representative,High,Single,10999,7,No,14,Excellent,Medium,3,Better
738,41,No,Travel_Rarely,Research & Development,7,Some college,Medical,Very high,Female,High,Manufacturing Director,High,Single,5003,6,No,14,Excellent,Medium,6,Better
739,39,No,Travel_Rarely,Research & Development,1,No college,Life Sciences,Very high,Female,Medium,Manufacturing Director,Very high,Married,12742,1,No,16,Excellent,High,3,Better
740,27,No,Travel_Rarely,Research & Development,2,Masters,Life Sciences,Low,Female,High,Manufacturing Director,Very high,Married,4227,0,No,18,Excellent,Medium,2,Better
741,35,No,Travel_Rarely,Research & Development,10,Bachelors,Other,Medium,Male,High,Laboratory Technician,Very high,Divorced,3917,1,No,20,Outstanding,Low,4,Good
742,42,No,Travel_Rarely,Sales,5,Some college,Marketing,Very high,Male,High,Manager,High,Married,18303,6,No,13,Excellent,Medium,3,Best
743,50,No,Travel_Rarely,Research & Development,9,Bachelors,Life Sciences,Low,Male,High,Laboratory Technician,Very high,Married,2380,4,No,18,Excellent,Medium,5,Better
744,59,No,Travel_Rarely,Research & Development,2,Bachelors,Life Sciences,High,Female,Medium,Manufacturing Director,Very high,Single,13726,3,Yes,13,Excellent,Low,4,Better
745,37,Yes,Travel_Rarely,Research & Development,11,Some college,Medical,Low,Female,Low,Healthcare Representative,Medium,Married,4777,5,No,15,Excellent,Low,2,Bad
746,55,No,Travel_Frequently,Research & Development,18,Masters,Medical,High,Male,High,Healthcare Representative,Medium,Married,6385,3,Yes,14,Excellent,Very high,3,Better
747,41,No,Non-Travel,Research & Development,7,No college,Life Sciences,Medium,Female,Low,Research Director,High,Divorced,19973,1,No,22,Outstanding,Medium,3,Better
748,38,No,Travel_Rarely,Sales,3,Masters,Life Sciences,Medium,Male,High,Sales Executive,Very high,Single,6861,8,Yes,12,Excellent,High,1,Better
749,26,Yes,Non-Travel,Sales,29,Some college,Medical,Medium,Male,Low,Sales Executive,Low,Single,4969,8,No,18,Excellent,Very high,6,Better
750,52,Yes,Travel_Rarely,Sales,2,No college,Marketing,Low,Female,Low,Manager,Very high,Married,19845,1,No,15,Excellent,Very high,3,Better
751,44,No,Travel_Rarely,Sales,28,Bachelors,Medical,Very high,Female,Very high,Sales Executive,Very high,Married,13320,3,Yes,18,Excellent,High,2,Better
752,50,No,Non-Travel,Sales,1,Bachelors,Life Sciences,Very high,Female,High,Sales Executive,High,Married,6347,0,No,12,Excellent,Low,3,Better
753,36,Yes,Travel_Rarely,Research & Development,16,Masters,Life Sciences,High,Female,Very high,Laboratory Technician,Low,Single,2743,1,No,16,Excellent,High,1,Better
754,39,No,Travel_Frequently,Research & Development,22,Bachelors,Medical,Very high,Female,High,Manufacturing Director,Low,Single,10880,1,Yes,13,Excellent,High,2,Better
755,33,No,Non-Travel,Sales,8,No college,Life Sciences,Medium,Female,Medium,Sales Representative,Very high,Single,2342,0,No,19,Excellent,Very high,2,Good
756,45,No,Travel_Rarely,Sales,11,Some college,Life Sciences,Very high,Female,High,Manager,Very high,Married,17650,3,No,13,Excellent,Medium,4,Best
757,32,No,Non-Travel,Research & Development,29,Masters,Medical,Very high,Female,High,Laboratory Technician,High,Single,4025,9,No,12,Excellent,Medium,2,Better
758,34,No,Travel_Rarely,Sales,1,Masters,Marketing,Medium,Male,Very high,Sales Executive,Very high,Divorced,9725,0,No,11,Excellent,Very high,2,Good
759,59,No,Travel_Rarely,Sales,1,Some college,Technical Degree,Medium,Male,High,Manager,Very high,Married,11904,3,Yes,14,Excellent,High,1,Bad
760,45,No,Travel_Rarely,Human Resources,24,Masters,Medical,Medium,Male,High,Human Resources,Medium,Single,2177,1,No,16,Excellent,Low,3,Better
761,53,No,Travel_Frequently,Sales,2,Bachelors,Marketing,High,Female,Medium,Sales Executive,Medium,Married,7525,2,No,12,Excellent,Low,2,Better
762,36,Yes,Travel_Rarely,Research & Development,15,Bachelors,Other,Low,Male,High,Laboratory Technician,High,Divorced,4834,7,No,14,Excellent,Medium,3,Good
763,26,Yes,Travel_Frequently,Research & Development,2,Bachelors,Life Sciences,Low,Male,High,Research Scientist,Low,Married,2042,6,Yes,14,Excellent,Medium,2,Better
764,34,No,Travel_Rarely,Sales,10,Masters,Life Sciences,High,Female,High,Sales Representative,High,Married,2220,1,Yes,19,Excellent,Very high,2,Better
765,28,No,Travel_Rarely,Sales,10,No college,Medical,Very high,Male,High,Sales Representative,Medium,Married,1052,1,No,22,Outstanding,Medium,5,Better
766,38,No,Travel_Frequently,Research & Development,3,Masters,Other,High,Male,High,Research Scientist,High,Married,2821,3,No,16,Excellent,Low,2,Better
767,50,No,Travel_Rarely,Research & Development,2,Masters,Medical,Medium,Male,High,Research Director,High,Married,19237,2,Yes,11,Excellent,Very high,2,Good
768,37,No,Travel_Rarely,Research & Development,3,Bachelors,Other,Very high,Female,High,Healthcare Representative,Medium,Single,4107,3,No,15,Excellent,Low,3,Good
769,40,No,Travel_Rarely,Sales,26,Bachelors,Marketing,High,Male,High,Sales Executive,Low,Married,8396,1,No,14,Excellent,Medium,3,Good
770,26,No,Travel_Frequently,Research & Development,1,No college,Medical,Low,Female,Medium,Research Scientist,High,Divorced,2007,1,No,13,Excellent,High,5,Better
771,46,No,Travel_Rarely,Research & Development,1,Masters,Medical,Very high,Male,High,Research Director,Very high,Divorced,19627,9,No,17,Excellent,Very high,0,Better
772,54,No,Travel_Rarely,Sales,2,Masters,Life Sciences,High,Female,Medium,Sales Executive,High,Married,10686,6,No,11,Excellent,Medium,4,Better
773,56,No,Travel_Frequently,Research & Development,9,Bachelors,Medical,Low,Female,High,Research Scientist,High,Married,2942,2,No,19,Excellent,Medium,4,Better
774,36,No,Travel_Rarely,Research & Development,12,Doctorate,Medical,Very high,Female,Medium,Manufacturing Director,Very high,Single,8858,0,No,11,Excellent,Medium,2,Good
775,55,No,Non-Travel,Research & Development,2,No college,Medical,High,Male,Medium,Manager,Low,Single,16756,7,No,15,Excellent,Medium,3,Best
776,43,No,Travel_Rarely,Sales,25,Bachelors,Medical,High,Male,Medium,Sales Executive,Very high,Divorced,10798,5,No,13,Excellent,High,5,Better
777,20,Yes,Travel_Frequently,Sales,9,Bachelors,Marketing,Very high,Female,High,Sales Representative,Very high,Single,2323,1,Yes,14,Excellent,Medium,3,Better
778,21,Yes,Travel_Rarely,Research & Development,10,Bachelors,Life Sciences,High,Female,Medium,Laboratory Technician,Low,Single,1416,1,No,13,Excellent,Low,6,Good
779,46,No,Travel_Rarely,Research & Development,8,Masters,Life Sciences,Very high,Female,Medium,Research Scientist,Low,Divorced,4615,8,Yes,23,Outstanding,Low,2,Better
780,51,Yes,Travel_Rarely,Research & Development,4,Masters,Life Sciences,Low,Male,High,Research Scientist,High,Married,2461,9,Yes,12,Excellent,High,2,Best
781,28,Yes,Non-Travel,Research & Development,24,Some college,Technical Degree,Medium,Male,Medium,Healthcare Representative,Low,Single,8722,1,No,12,Excellent,Low,2,Good
782,26,No,Travel_Rarely,Research & Development,1,Some college,Medical,Low,Male,Medium,Laboratory Technician,Low,Married,3955,1,No,16,Excellent,Low,2,Better
783,30,No,Travel_Rarely,Research & Development,20,Bachelors,Other,High,Male,High,Manufacturing Director,Low,Married,9957,0,No,15,Excellent,High,1,Good
784,41,No,Travel_Rarely,Research & Development,7,Some college,Technical Degree,Medium,Female,Very high,Research Scientist,High,Married,3376,1,No,13,Excellent,High,3,Better
785,38,No,Travel_Rarely,Research & Development,17,No college,Life Sciences,High,Female,Medium,Healthcare Representative,High,Married,8823,0,No,18,Excellent,Low,4,Good
786,40,No,Travel_Rarely,Research & Development,20,Masters,Technical Degree,Low,Male,High,Healthcare Representative,Very high,Married,10322,4,No,20,Outstanding,Very high,6,Better
787,27,No,Non-Travel,Research & Development,8,Doctorate,Life Sciences,Low,Male,Low,Laboratory Technician,High,Married,4621,1,No,19,Excellent,Very high,4,Better
788,55,No,Travel_Frequently,Research & Development,2,No college,Life Sciences,Very high,Male,High,Manufacturing Director,Medium,Married,10976,3,No,18,Excellent,Medium,4,Better
789,28,No,Travel_Rarely,Research & Development,10,Bachelors,Other,High,Female,High,Research Scientist,High,Single,3660,3,No,13,Excellent,Very high,4,Best
790,44,Yes,Travel_Rarely,Human Resources,1,Some college,Medical,Medium,Male,Medium,Human Resources,Low,Married,10482,9,No,14,Excellent,Very high,1,Better
791,33,No,Travel_Rarely,Research & Development,5,Bachelors,Life Sciences,Very high,Male,Medium,Healthcare Representative,Very high,Divorced,7119,4,No,15,Excellent,High,2,Better
792,35,Yes,Travel_Rarely,Sales,4,Bachelors,Technical Degree,Very high,Male,High,Sales Executive,Low,Single,9582,0,Yes,22,Outstanding,Low,2,Better
793,33,Yes,Travel_Frequently,Research & Development,29,Masters,Medical,Low,Female,Medium,Research Scientist,High,Single,4508,1,No,22,Outstanding,Medium,4,Better
794,28,No,Travel_Rarely,Research & Development,15,Some college,Life Sciences,Low,Male,High,Laboratory Technician,High,Divorced,2207,1,No,16,Excellent,Very high,5,Good
795,34,No,Travel_Frequently,Research & Development,3,No college,Life Sciences,Low,Male,High,Healthcare Representative,Very high,Single,7756,0,No,17,Excellent,High,1,Good
796,37,No,Travel_Rarely,Sales,10,Masters,Life Sciences,Very high,Female,Medium,Sales Executive,Very high,Divorced,6694,2,Yes,14,Excellent,High,5,Better
797,25,Yes,Travel_Rarely,Research & Development,4,No college,Technical Degree,Very high,Male,High,Laboratory Technician,Very high,Married,3691,1,Yes,15,Excellent,Medium,3,Best
798,26,Yes,Travel_Rarely,Research & Development,21,Bachelors,Medical,Low,Male,High,Laboratory Technician,High,Divorced,2377,1,No,20,Outstanding,High,0,Good
799,33,Yes,Travel_Rarely,Research & Development,25,Bachelors,Medical,Low,Male,Medium,Research Scientist,Medium,Single,2313,4,Yes,20,Outstanding,Medium,0,Better
800,42,No,Travel_Rarely,Research & Development,2,Some college,Medical,Very high,Male,High,Manager,Low,Married,17665,0,No,17,Excellent,Very high,3,Better
801,28,Yes,Travel_Frequently,Research & Development,1,Bachelors,Medical,Low,Male,Medium,Laboratory Technician,Medium,Divorced,2596,1,No,15,Excellent,Low,2,Better
802,50,Yes,Travel_Frequently,Sales,1,Masters,Other,Very high,Male,High,Sales Executive,High,Single,4728,3,Yes,14,Excellent,Very high,4,Better
803,33,No,Travel_Frequently,Sales,7,Bachelors,Life Sciences,Very high,Female,High,Sales Executive,Medium,Married,4302,0,No,17,Excellent,High,3,Better
804,34,No,Non-Travel,Research & Development,3,Masters,Life Sciences,High,Male,Medium,Research Scientist,Very high,Married,2979,3,No,17,Excellent,Very high,2,Better
805,48,No,Non-Travel,Research & Development,1,Masters,Medical,Low,Male,Very high,Manager,Very high,Single,16885,2,No,22,Outstanding,High,3,Good
806,45,No,Non-Travel,Sales,9,Masters,Life Sciences,Medium,Female,Medium,Sales Executive,High,Married,5593,1,No,13,Excellent,Very high,2,Better
807,52,No,Travel_Rarely,Research & Development,7,Masters,Life Sciences,Medium,Male,High,Healthcare Representative,Medium,Single,10445,7,No,19,Excellent,Very high,4,Better
808,38,No,Travel_Rarely,Sales,10,Masters,Marketing,High,Male,Medium,Sales Executive,High,Divorced,8740,0,Yes,14,Excellent,Medium,2,Better
809,29,No,Travel_Rarely,Research & Development,28,Masters,Life Sciences,High,Female,High,Research Scientist,Very high,Divorced,2514,4,No,22,Outstanding,Low,1,Better
810,28,No,Travel_Rarely,Research & Development,3,Bachelors,Medical,Very high,Female,High,Manufacturing Director,Medium,Divorced,7655,0,No,17,Excellent,Medium,3,Good
811,46,No,Travel_Rarely,Sales,3,No college,Marketing,Low,Male,High,Manager,High,Married,17465,3,No,12,Excellent,Very high,3,Better
812,38,No,Travel_Rarely,Sales,2,Some college,Marketing,Very high,Male,High,Sales Executive,Medium,Single,7351,7,No,16,Excellent,High,2,Better
813,43,No,Travel_Frequently,Research & Development,27,Bachelors,Life Sciences,High,Female,High,Manufacturing Director,Low,Married,10820,8,No,11,Excellent,High,1,Better
814,39,Yes,Travel_Frequently,Research & Development,2,Bachelors,Life Sciences,Low,Male,High,Healthcare Representative,Very high,Divorced,12169,7,No,11,Excellent,Very high,4,Better
815,40,No,Travel_Rarely,Research & Development,14,Bachelors,Medical,High,Male,Medium,Research Director,High,Single,19626,1,No,14,Excellent,Low,2,Best
816,21,No,Travel_Rarely,Research & Development,1,No college,Technical Degree,Very high,Female,Medium,Research Scientist,Medium,Single,2070,1,Yes,11,Excellent,High,6,Best
817,39,No,Non-Travel,Research & Development,9,Bachelors,Life Sciences,High,Male,High,Laboratory Technician,Medium,Single,6782,9,No,15,Excellent,High,2,Good
818,36,No,Non-Travel,Research & Development,18,Masters,Life Sciences,Low,Male,High,Manufacturing Director,Very high,Single,7779,2,No,20,Outstanding,Low,0,Better
819,31,No,Travel_Frequently,Sales,20,Bachelors,Life Sciences,High,Male,Very high,Sales Representative,Very high,Married,2791,0,No,12,Excellent,Low,4,Better
820,28,No,Travel_Rarely,Research & Development,2,No college,Life Sciences,Low,Male,Medium,Research Scientist,Medium,Married,3201,0,No,17,Excellent,Low,2,Bad
821,35,No,Travel_Frequently,Sales,11,Some college,Marketing,Very high,Male,High,Sales Executive,Very high,Divorced,4968,1,No,11,Excellent,Very high,3,Better
822,49,No,Travel_Rarely,Sales,8,Masters,Technical Degree,Very high,Male,Medium,Sales Executive,Medium,Married,13120,6,No,17,Excellent,Medium,3,Better
823,34,No,Travel_Frequently,Research & Development,2,Some college,Life Sciences,Very high,Male,High,Manufacturing Director,High,Single,4033,2,No,11,Excellent,Very high,3,Good
824,29,No,Travel_Frequently,Research & Development,10,Bachelors,Life Sciences,Very high,Female,High,Research Scientist,Medium,Divorced,3291,0,No,14,Excellent,Very high,2,Good
825,42,No,Travel_Rarely,Research & Development,29,Bachelors,Medical,Medium,Male,Low,Laboratory Technician,Very high,Single,4272,4,No,19,Excellent,Low,3,Better
826,29,No,Travel_Rarely,Research & Development,8,No college,Medical,Medium,Male,Medium,Manufacturing Director,Very high,Married,5056,1,Yes,15,Excellent,High,2,Good
827,38,No,Travel_Rarely,Human Resources,1,Bachelors,Human Resources,High,Male,Very high,Human Resources,High,Married,2844,1,No,13,Excellent,Very high,2,Best
828,28,No,Travel_Frequently,Research & Development,6,Bachelors,Life Sciences,High,Male,Medium,Research Scientist,High,Divorced,2703,1,Yes,14,Excellent,Very high,2,Better
829,18,Yes,Non-Travel,Research & Development,8,No college,Medical,High,Male,High,Laboratory Technician,High,Single,1904,1,No,12,Excellent,Very high,0,Better
830,33,Yes,Travel_Rarely,Sales,9,Masters,Marketing,Low,Female,High,Sales Executive,Low,Single,8224,0,Yes,17,Excellent,Low,3,Better
831,41,No,Travel_Rarely,Research & Development,12,Masters,Life Sciences,Medium,Male,High,Laboratory Technician,Very high,Married,4766,3,Yes,11,Excellent,Low,4,Better
832,31,Yes,Travel_Frequently,Research & Development,15,Bachelors,Medical,High,Male,High,Laboratory Technician,High,Married,2610,1,No,12,Excellent,High,5,Good
833,37,No,Travel_Rarely,Research & Development,25,Some college,Medical,High,Female,Medium,Healthcare Representative,Very high,Divorced,5731,7,No,13,Excellent,High,2,Better
834,27,No,Travel_Rarely,Research & Development,6,Bachelors,Life Sciences,Very high,Male,Medium,Research Scientist,High,Married,2539,1,No,13,Excellent,High,0,Better
835,34,No,Travel_Rarely,Sales,9,No college,Life Sciences,Medium,Female,High,Sales Executive,High,Married,5714,1,No,20,Outstanding,Low,3,Good
836,35,No,Travel_Rarely,Human Resources,8,Masters,Technical Degree,High,Male,High,Human Resources,High,Single,4323,1,No,17,Excellent,Medium,2,Bad
837,29,Yes,Travel_Rarely,Sales,23,No college,Life Sciences,Very high,Female,Medium,Sales Executive,Low,Married,7336,1,No,13,Excellent,Low,3,Bad
838,40,No,Travel_Frequently,Research & Development,9,Masters,Medical,Medium,Female,High,Research Director,High,Single,13499,9,No,17,Excellent,High,3,Good
839,42,Yes,Travel_Frequently,Sales,12,Bachelors,Life Sciences,High,Male,High,Sales Executive,Low,Single,13758,0,Yes,12,Excellent,Medium,2,Good
840,42,No,Travel_Rarely,Sales,4,Masters,Marketing,Medium,Male,High,Sales Executive,Low,Single,5155,7,No,13,Excellent,Very high,3,Best
841,35,No,Travel_Rarely,Research & Development,1,Masters,Medical,Very high,Male,Medium,Laboratory Technician,High,Married,2258,6,No,12,Excellent,Medium,2,Better
842,24,No,Travel_Rarely,Research & Development,24,Bachelors,Medical,Very high,Male,High,Laboratory Technician,Medium,Single,3597,8,No,22,Outstanding,Very high,2,Better
843,28,Yes,Travel_Rarely,Research & Development,12,No college,Life Sciences,High,Female,High,Laboratory Technician,Very high,Married,2515,1,Yes,11,Excellent,Very high,4,Good
844,26,No,Travel_Rarely,Research & Development,3,Masters,Medical,Low,Male,Very high,Laboratory Technician,Very high,Married,4420,1,No,22,Outstanding,Medium,2,Better
845,30,No,Travel_Rarely,Sales,10,Bachelors,Marketing,High,Male,Medium,Sales Executive,High,Married,6578,1,No,18,Excellent,Low,3,Better
846,40,No,Travel_Frequently,Research & Development,26,Some college,Medical,High,Female,Medium,Research Scientist,Very high,Married,4422,3,Yes,13,Excellent,Very high,3,Bad
847,35,No,Travel_Rarely,Research & Development,2,Bachelors,Life Sciences,High,Male,Medium,Manufacturing Director,Medium,Divorced,10274,2,No,18,Excellent,Medium,2,Best
848,34,No,Travel_Frequently,Research & Development,1,Bachelors,Medical,Very high,Male,Medium,Healthcare Representative,Low,Single,5343,0,No,20,Outstanding,High,3,Better
849,35,No,Travel_Frequently,Research & Development,4,Masters,Other,Very high,Male,Medium,Laboratory Technician,Very high,Married,2376,1,No,13,Excellent,Medium,2,Best
850,43,Yes,Travel_Rarely,Sales,9,Bachelors,Marketing,Low,Female,Low,Sales Executive,High,Single,5346,8,No,13,Excellent,Medium,2,Good
851,32,No,Non-Travel,Sales,2,No college,Life Sciences,High,Female,High,Sales Representative,Low,Divorced,2827,1,No,12,Excellent,High,3,Better
852,56,No,Travel_Rarely,Research & Development,4,Masters,Technical Degree,Very high,Female,High,Manager,Low,Divorced,19943,4,No,13,Excellent,Very high,2,Better
853,29,No,Travel_Rarely,Research & Development,6,No college,Medical,Medium,Female,High,Laboratory Technician,Very high,Married,3131,1,No,13,Excellent,Low,5,Better
854,19,No,Travel_Rarely,Research & Development,9,Some college,Life Sciences,High,Male,High,Research Scientist,Low,Single,2552,1,No,25,Outstanding,High,4,Better
855,45,No,Travel_Rarely,Research & Development,7,Bachelors,Medical,Low,Female,High,Research Scientist,High,Married,4477,4,Yes,19,Excellent,High,2,Good
856,37,No,Travel_Rarely,Research & Development,1,Bachelors,Life Sciences,Very high,Female,Medium,Manufacturing Director,Very high,Married,6474,1,No,13,Excellent,Medium,2,Good
857,20,No,Travel_Rarely,Research & Development,3,Bachelors,Life Sciences,Low,Male,Medium,Laboratory Technician,High,Single,3033,1,No,12,Excellent,Low,2,Good
858,44,Yes,Travel_Rarely,Research & Development,10,Masters,Life Sciences,High,Male,High,Research Scientist,High,Single,2936,1,Yes,11,Excellent,High,4,Better
859,53,No,Travel_Rarely,Research & Development,7,Some college,Medical,Very high,Female,High,Manager,High,Divorced,18606,3,No,18,Excellent,Medium,6,Better
860,29,No,Travel_Rarely,Research & Development,15,No college,Life Sciences,Medium,Female,Low,Research Scientist,Very high,Married,2168,0,Yes,18,Excellent,Low,2,Good
861,22,Yes,Travel_Frequently,Research & Development,3,Masters,Life Sciences,High,Male,Medium,Research Scientist,Very high,Married,2853,0,Yes,11,Excellent,Medium,5,Better
862,46,No,Travel_Rarely,Sales,2,Bachelors,Marketing,High,Female,High,Manager,Low,Married,17048,8,No,23,Outstanding,Low,2,Better
863,44,No,Non-Travel,Research & Development,17,Bachelors,Life Sciences,Very high,Male,Low,Research Scientist,High,Single,2290,2,No,13,Excellent,Very high,3,Better
864,33,No,Travel_Rarely,Human Resources,2,Bachelors,Human Resources,Medium,Male,High,Human Resources,High,Married,3600,1,No,13,Excellent,Very high,2,Better
865,41,Yes,Non-Travel,Research & Development,5,Some college,Life Sciences,Low,Male,Medium,Research Scientist,Low,Divorced,2107,6,No,17,Excellent,Low,2,Bad
866,30,No,Travel_Rarely,Sales,29,Masters,Life Sciences,High,Male,High,Sales Executive,Low,Divorced,4115,8,No,19,Excellent,High,3,Better
867,40,No,Travel_Frequently,Sales,2,Masters,Medical,Medium,Male,High,Sales Executive,Medium,Married,4327,5,No,12,Excellent,Very high,2,Better
868,50,No,Travel_Frequently,Research & Development,2,Bachelors,Medical,Very high,Female,High,Manager,Low,Married,17856,2,No,22,Outstanding,High,3,Better
869,28,No,Travel_Rarely,Research & Development,19,Masters,Medical,Very high,Male,Medium,Laboratory Technician,Low,Married,3196,1,No,12,Excellent,High,2,Better
870,46,No,Travel_Rarely,Research & Development,15,Some college,Life Sciences,Very high,Male,High,Research Director,Medium,Married,19081,5,No,11,Excellent,Low,2,Better
871,35,No,Travel_Rarely,Sales,17,Masters,Life Sciences,High,Male,High,Sales Executive,Low,Married,8966,3,Yes,15,Excellent,Very high,2,Better
872,24,Yes,Travel_Rarely,Research & Development,17,Some college,Life Sciences,Very high,Female,High,Laboratory Technician,Medium,Married,2210,1,No,13,Excellent,Low,3,Bad
873,33,No,Travel_Frequently,Sales,25,Bachelors,Medical,Medium,Female,High,Sales Executive,High,Married,4539,1,No,12,Excellent,Low,3,Good
874,36,No,Travel_Rarely,Research & Development,6,Masters,Life Sciences,High,Male,Low,Laboratory Technician,High,Divorced,2741,1,No,14,Excellent,High,4,Better
875,30,No,Travel_Rarely,Research & Development,7,Masters,Life Sciences,High,Male,High,Laboratory Technician,High,Divorced,3491,1,No,13,Excellent,Low,4,Good
876,44,No,Travel_Rarely,Research & Development,29,Masters,Other,Very high,Male,High,Research Scientist,Very high,Single,4541,1,No,25,Outstanding,Medium,3,Better
877,20,No,Travel_Rarely,Sales,21,Bachelors,Marketing,High,Male,Very high,Sales Representative,Very high,Single,2678,1,No,17,Excellent,Very high,2,Better
878,46,No,Travel_Rarely,Research & Development,2,Masters,Technical Degree,Very high,Male,High,Manufacturing Director,Very high,Divorced,7379,2,No,11,Excellent,High,3,Good
879,42,No,Non-Travel,Human Resources,2,Doctorate,Medical,Very high,Male,Very high,Human Resources,Low,Married,6272,7,No,16,Excellent,Low,3,Best
880,60,No,Travel_Rarely,Sales,7,Masters,Marketing,Medium,Male,Very high,Sales Executive,Very high,Divorced,5220,0,Yes,18,Excellent,Medium,3,Better
881,32,No,Travel_Frequently,Research & Development,13,Bachelors,Other,High,Female,Medium,Laboratory Technician,Medium,Married,2743,1,No,20,Outstanding,High,2,Better
882,32,No,Travel_Frequently,Research & Development,2,Some college,Life Sciences,Very high,Female,High,Research Scientist,High,Single,4998,4,Yes,14,Excellent,Very high,2,Better
883,36,No,Travel_Rarely,Research & Development,1,Bachelors,Technical Degree,High,Female,Low,Manufacturing Director,Low,Divorced,10252,2,Yes,21,Outstanding,High,2,Better
884,33,No,Travel_Rarely,Research & Development,9,Bachelors,Medical,Low,Male,High,Research Scientist,Very high,Married,2781,0,No,13,Excellent,Medium,5,Better
885,40,No,Travel_Rarely,Sales,10,Bachelors,Technical Degree,Medium,Female,Medium,Sales Executive,Medium,Divorced,6852,7,No,12,Excellent,Medium,2,Best
886,25,No,Travel_Rarely,Sales,10,Masters,Life Sciences,High,Male,High,Sales Executive,Very high,Single,4950,0,No,14,Excellent,Medium,4,Better
887,30,No,Travel_Rarely,Research & Development,1,Bachelors,Medical,Very high,Male,High,Research Scientist,Medium,Married,3579,0,Yes,21,Outstanding,Low,2,Better
888,42,No,Travel_Frequently,Research & Development,26,Doctorate,Medical,Low,Female,High,Research Director,Low,Married,13191,3,Yes,17,Excellent,High,6,Better
889,35,No,Non-Travel,Sales,8,Some college,Marketing,High,Female,Medium,Sales Executive,Very high,Married,10377,4,Yes,11,Excellent,Medium,6,Good
890,27,No,Travel_Rarely,Research & Development,14,Bachelors,Life Sciences,Low,Male,High,Research Scientist,Low,Married,2235,1,Yes,14,Excellent,Very high,3,Good
891,54,No,Travel_Frequently,Research & Development,1,Masters,Life Sciences,Very high,Female,High,Manufacturing Director,High,Divorced,10502,7,No,17,Excellent,Low,2,Bad
892,44,No,Travel_Rarely,Research & Development,2,No college,Life Sciences,Low,Female,Very high,Research Scientist,Very high,Married,2011,1,No,13,Excellent,Very high,5,Better
893,19,Yes,Non-Travel,Research & Development,10,Bachelors,Medical,Low,Female,Medium,Research Scientist,Medium,Single,1859,1,Yes,25,Outstanding,Medium,2,Best
894,29,No,Travel_Rarely,Research & Development,1,Bachelors,Life Sciences,Low,Female,High,Research Scientist,Very high,Divorced,3760,1,No,15,Excellent,Low,5,Better
895,54,No,Travel_Rarely,Research & Development,3,Bachelors,Life Sciences,Very high,Male,High,Research Director,Very high,Married,17779,3,No,14,Excellent,Low,2,Better
896,31,No,Travel_Rarely,Research & Development,11,Some college,Medical,High,Male,High,Healthcare Representative,Low,Married,6833,1,Yes,12,Excellent,Very high,2,Good
897,31,No,Travel_Rarely,Research & Development,24,Bachelors,Medical,High,Female,Medium,Healthcare Representative,Low,Single,6812,1,No,19,Excellent,Medium,2,Better
898,59,No,Travel_Rarely,Sales,3,Bachelors,Life Sciences,High,Female,Medium,Sales Executive,Very high,Single,5171,5,No,17,Excellent,Very high,2,Better
899,43,No,Travel_Rarely,Research & Development,3,Bachelors,Life Sciences,High,Male,Low,Research Director,Very high,Married,19740,3,No,14,Excellent,Medium,2,Better
900,49,No,Travel_Rarely,Research & Development,4,Some college,Medical,Low,Male,Medium,Manager,High,Married,18711,2,No,13,Excellent,High,2,Best
901,36,No,Travel_Frequently,Research & Development,3,Bachelors,Technical Degree,High,Male,High,Research Scientist,Medium,Married,3692,1,No,12,Excellent,High,2,Good
902,48,No,Travel_Rarely,Research & Development,2,Some college,Technical Degree,Very high,Male,Very high,Laboratory Technician,Medium,Single,2559,5,No,11,Excellent,High,4,Good
903,27,No,Travel_Rarely,Research & Development,4,Some college,Life Sciences,Low,Male,High,Research Scientist,High,Divorced,2517,1,No,11,Excellent,Medium,2,Better
904,29,No,Travel_Rarely,Research & Development,7,Bachelors,Life Sciences,High,Male,High,Healthcare Representative,Very high,Divorced,6623,1,Yes,11,Excellent,Medium,2,Better
905,48,No,Travel_Rarely,Research & Development,1,Bachelors,Life Sciences,Very high,Male,Medium,Research Director,Very high,Single,18265,6,No,12,Excellent,High,3,Best
906,29,No,Travel_Rarely,Research & Development,1,Bachelors,Life Sciences,Very high,Female,Medium,Research Director,Very high,Divorced,16124,3,No,14,Excellent,Medium,2,Good
907,34,No,Travel_Rarely,Research & Development,20,Bachelors,Technical Degree,High,Female,Very high,Research Scientist,High,Married,2585,0,No,17,Excellent,Very high,5,Good
908,44,No,Travel_Rarely,Sales,5,Bachelors,Marketing,Medium,Male,High,Manager,Medium,Married,18213,7,No,11,Excellent,High,5,Better
909,33,No,Travel_Rarely,Sales,10,Doctorate,Marketing,Very high,Male,Very high,Sales Executive,High,Divorced,8380,0,Yes,14,Excellent,Very high,3,Better
910,19,No,Travel_Rarely,Research & Development,25,Bachelors,Life Sciences,Medium,Female,Very high,Research Scientist,Very high,Single,2994,1,Yes,12,Excellent,Very high,2,Better
911,23,No,Travel_Rarely,Research & Development,1,Some college,Life Sciences,Very high,Male,High,Research Scientist,High,Married,1223,1,No,22,Outstanding,Very high,2,Better
912,25,Yes,Travel_Frequently,Sales,24,No college,Life Sciences,High,Male,Low,Sales Representative,Very high,Single,1118,1,Yes,14,Excellent,Very high,4,Better
913,26,No,Travel_Rarely,Research & Development,4,Some college,Life Sciences,High,Male,High,Research Scientist,Very high,Single,2875,1,Yes,20,Outstanding,Medium,2,Good
914,45,Yes,Travel_Rarely,Sales,2,Bachelors,Marketing,Low,Female,Low,Manager,Medium,Single,18824,2,Yes,16,Excellent,Low,2,Better
915,55,No,Non-Travel,Research & Development,8,No college,Medical,Very high,Male,Medium,Healthcare Representative,Medium,Divorced,13577,1,Yes,15,Excellent,Very high,3,Better
916,21,Yes,Travel_Frequently,Research & Development,10,Some college,Life Sciences,Low,Female,Medium,Laboratory Technician,High,Single,2625,1,No,20,Outstanding,High,2,Bad
917,46,No,Travel_Rarely,Sales,4,Some college,Marketing,Very high,Female,Medium,Manager,Medium,Married,18789,2,No,14,Excellent,High,2,Better
918,34,No,Travel_Rarely,Sales,2,Bachelors,Marketing,High,Female,High,Sales Executive,Low,Single,4538,0,Yes,12,Excellent,Very high,3,Better
919,51,No,Travel_Frequently,Sales,9,Bachelors,Life Sciences,Very high,Male,High,Manager,Medium,Divorced,19847,4,Yes,24,Outstanding,Low,5,Good
920,59,No,Travel_Rarely,Research & Development,18,Masters,Medical,Very high,Male,High,Manufacturing Director,Very high,Single,10512,6,No,12,Excellent,Very high,6,Good
921,34,No,Travel_Frequently,Research & Development,19,Bachelors,Medical,High,Female,High,Laboratory Technician,Medium,Divorced,4444,4,No,13,Excellent,High,2,Best
922,28,No,Travel_Frequently,Research & Development,1,Masters,Medical,Very high,Male,High,Laboratory Technician,High,Single,2154,0,Yes,11,Excellent,High,2,Good
923,44,No,Travel_Rarely,Research & Development,4,Some college,Life Sciences,High,Male,Very high,Manager,Low,Divorced,19190,1,No,14,Excellent,Very high,4,Good
924,34,No,Travel_Frequently,Human Resources,11,Bachelors,Life Sciences,High,Male,Medium,Human Resources,Medium,Married,4490,4,No,11,Excellent,Very high,5,Best
925,35,No,Travel_Rarely,Research & Development,6,No college,Life Sciences,High,Male,High,Research Scientist,High,Married,3506,0,Yes,14,Excellent,Very high,3,Better
926,42,No,Travel_Rarely,Research & Development,7,Masters,Medical,Medium,Female,Very high,Research Scientist,Medium,Married,2372,6,Yes,16,Excellent,Very high,2,Better
927,43,No,Travel_Rarely,Sales,4,Masters,Marketing,Very high,Female,Medium,Sales Executive,Very high,Single,10231,3,No,14,Excellent,Very high,3,Best
928,36,No,Travel_Rarely,Research & Development,2,Masters,Life Sciences,High,Female,High,Manufacturing Director,Medium,Single,5410,9,Yes,11,Excellent,Very high,2,Better
929,44,Yes,Travel_Rarely,Research & Development,15,Bachelors,Medical,Low,Female,High,Healthcare Representative,Very high,Married,7978,1,No,11,Excellent,Very high,2,Better
930,28,No,Travel_Frequently,Research & Development,2,Bachelors,Life Sciences,Very high,Male,Medium,Laboratory Technician,Very high,Married,3867,1,Yes,12,Excellent,Medium,2,Better
931,51,No,Travel_Frequently,Research & Development,6,Some college,Medical,Medium,Female,Medium,Laboratory Technician,High,Single,2838,0,No,14,Excellent,Medium,6,Good
932,30,No,Non-Travel,Research & Development,9,Some college,Medical,High,Female,High,Manufacturing Director,High,Single,4695,7,Yes,18,Excellent,High,3,Better
933,29,Yes,Travel_Rarely,Research & Development,7,Bachelors,Technical Degree,Medium,Female,High,Laboratory Technician,High,Divorced,3339,3,Yes,13,Excellent,Low,2,Better
934,28,No,Travel_Rarely,Research & Development,1,Bachelors,Technical Degree,Very high,Male,High,Research Scientist,Low,Single,2080,2,No,11,Excellent,Medium,2,Good
935,25,No,Travel_Rarely,Research & Development,1,Bachelors,Medical,Very high,Female,High,Research Scientist,Medium,Single,2096,1,No,18,Excellent,Very high,3,Good
936,32,No,Travel_Rarely,Sales,8,Bachelors,Medical,High,Male,Very high,Sales Executive,Very high,Married,6209,1,No,15,Excellent,High,4,Best
937,45,No,Travel_Frequently,Research & Development,25,Bachelors,Medical,Medium,Female,High,Manager,Medium,Single,18061,3,No,22,Outstanding,High,4,Better
938,39,No,Travel_Rarely,Research & Development,13,Masters,Medical,High,Female,Medium,Manager,Medium,Divorced,17123,6,Yes,13,Excellent,Very high,4,Better
939,58,No,Travel_Rarely,Research & Development,23,Masters,Life Sciences,Low,Male,High,Research Scientist,High,Divorced,2372,1,No,12,Excellent,Very high,3,Better
940,32,Yes,Travel_Rarely,Research & Development,7,Some college,Life Sciences,Very high,Male,High,Laboratory Technician,High,Married,4883,1,No,18,Excellent,Low,3,Better
941,39,Yes,Travel_Rarely,Research & Development,23,Bachelors,Medical,High,Male,High,Research Scientist,Low,Single,3904,0,No,13,Excellent,Low,2,Better
942,30,No,Travel_Rarely,Research & Development,6,Bachelors,Technical Degree,Low,Female,Medium,Laboratory Technician,Very high,Married,4627,0,No,12,Excellent,Low,6,Better
943,36,No,Travel_Rarely,Research & Development,10,Masters,Technical Degree,Very high,Female,High,Healthcare Representative,High,Married,7094,3,No,12,Excellent,Low,0,Better
944,46,No,Travel_Rarely,Human Resources,1,Some college,Life Sciences,Very high,Female,High,Human Resources,Low,Single,3423,6,No,12,Excellent,High,3,Best
945,28,No,Non-Travel,Research & Development,1,Bachelors,Life Sciences,High,Female,Low,Laboratory Technician,Very high,Married,6674,0,No,11,Excellent,Low,6,Better
946,50,No,Travel_Rarely,Research & Development,28,Bachelors,Life Sciences,Very high,Female,High,Research Director,Low,Married,16880,4,Yes,11,Excellent,Medium,2,Better
947,40,Yes,Travel_Rarely,Sales,25,Masters,Marketing,Very high,Male,Medium,Sales Executive,Medium,Single,9094,2,Yes,12,Excellent,High,2,Better
948,52,Yes,Travel_Rarely,Sales,5,Bachelors,Life Sciences,Medium,Male,High,Sales Executive,Medium,Single,8446,9,Yes,19,Excellent,High,2,Good
949,30,No,Travel_Rarely,Research & Development,17,Masters,Medical,Medium,Female,High,Manager,Low,Married,11916,1,Yes,23,Outstanding,Very high,2,Better
950,39,No,Travel_Rarely,Research & Development,18,Some college,Life Sciences,Low,Male,High,Manufacturing Director,High,Single,4534,0,No,11,Excellent,Low,6,Better
951,31,No,Non-Travel,Sales,2,Masters,Life Sciences,Very high,Female,High,Sales Executive,High,Divorced,9852,1,Yes,19,Excellent,Low,5,Good
952,41,No,Non-Travel,Sales,10,Some college,Medical,High,Male,Low,Sales Executive,Medium,Single,6151,1,No,13,Excellent,Low,4,Better
953,31,Yes,Travel_Frequently,Sales,1,Bachelors,Life Sciences,Very high,Female,High,Sales Representative,Medium,Single,2302,1,Yes,11,Excellent,Low,2,Best
954,44,Yes,Travel_Rarely,Research & Development,3,Bachelors,Life Sciences,Low,Male,High,Laboratory Technician,Low,Married,2362,4,No,12,Excellent,High,4,Best
955,42,No,Non-Travel,Research & Development,2,No college,Life Sciences,High,Male,High,Manager,High,Married,17861,0,Yes,13,Excellent,Very high,3,Good
956,55,No,Travel_Rarely,Research & Development,2,Some college,Medical,Very high,Female,Low,Manager,High,Married,19187,4,No,14,Excellent,Very high,5,Better
957,56,No,Travel_Rarely,Human Resources,8,Masters,Life Sciences,Very high,Male,High,Manager,Medium,Single,19717,6,No,14,Excellent,Low,4,Better
958,40,No,Non-Travel,Research & Development,16,Some college,Life Sciences,High,Male,High,Research Scientist,High,Divorced,3544,9,No,16,Excellent,Medium,0,Better
959,34,No,Travel_Rarely,Research & Development,9,Bachelors,Life Sciences,Very high,Male,High,Healthcare Representative,Very high,Divorced,8500,0,No,11,Excellent,Very high,0,Good
960,40,No,Travel_Rarely,Research & Development,2,Bachelors,Life Sciences,High,Male,High,Research Scientist,Very high,Single,4661,1,No,13,Excellent,High,4,Better
961,41,No,Travel_Frequently,Sales,1,Bachelors,Marketing,High,Female,High,Sales Executive,Low,Divorced,4103,0,No,17,Excellent,Very high,2,Better
962,35,No,Travel_Frequently,Research & Development,4,Masters,Life Sciences,High,Male,High,Research Scientist,High,Single,4249,1,Yes,11,Excellent,Medium,3,Better
963,51,No,Travel_Rarely,Human Resources,5,Bachelors,Life Sciences,High,Male,High,Manager,Medium,Divorced,14026,1,Yes,11,Excellent,Medium,2,Better
964,38,No,Travel_Rarely,Sales,2,Some college,Life Sciences,Medium,Female,High,Sales Executive,Low,Divorced,6893,3,No,15,Excellent,Very high,3,Better
965,34,No,Travel_Rarely,Sales,15,Some college,Medical,High,Female,High,Sales Executive,Low,Single,6125,1,No,12,Excellent,Very high,6,Best
966,25,No,Travel_Rarely,Research & Development,19,No college,Medical,Very high,Male,High,Laboratory Technician,Very high,Married,3669,3,No,11,Excellent,High,6,Good
967,58,Yes,Travel_Rarely,Research & Development,7,Masters,Medical,High,Female,Medium,Manufacturing Director,Low,Married,10008,7,Yes,14,Excellent,Very high,0,Good
968,40,No,Travel_Rarely,Research & Development,1,Masters,Life Sciences,Medium,Male,High,Laboratory Technician,Medium,Married,2387,3,No,22,Outstanding,High,3,Better
969,36,No,Travel_Frequently,Sales,7,Bachelors,Marketing,Low,Female,Very high,Sales Executive,Low,Married,4639,2,No,16,Excellent,Very high,2,Good
970,48,No,Travel_Rarely,Research & Development,4,Bachelors,Life Sciences,Very high,Male,High,Manufacturing Director,Very high,Single,7898,1,No,11,Excellent,High,2,Better
971,27,No,Travel_Rarely,Sales,11,Bachelors,Medical,High,Female,Very high,Sales Representative,Very high,Married,2534,8,No,14,Excellent,Medium,4,Better
972,51,No,Travel_Rarely,Research & Development,11,Some college,Technical Degree,Very high,Female,Medium,Manufacturing Director,Medium,Single,13142,3,No,16,Excellent,Medium,1,Good
973,18,No,Non-Travel,Research & Development,1,Bachelors,Life Sciences,Very high,Female,High,Laboratory Technician,Very high,Single,1611,1,No,15,Excellent,High,5,Best
974,35,No,Travel_Rarely,Research & Development,1,Bachelors,Medical,Very high,Female,Medium,Laboratory Technician,Very high,Married,5363,0,No,12,Excellent,Medium,0,Better
975,27,No,Travel_Frequently,Sales,2,No college,Life Sciences,Very high,Male,Low,Sales Executive,Very high,Single,5071,3,No,20,Outstanding,Medium,3,Better
976,55,Yes,Travel_Rarely,Sales,13,Masters,Marketing,Low,Male,Very high,Sales Executive,High,Single,13695,6,Yes,17,Excellent,High,2,Good
977,56,No,Travel_Rarely,Research & Development,23,Bachelors,Life Sciences,Very high,Male,High,Manufacturing Director,Medium,Married,13402,4,Yes,12,Excellent,Low,0,Better
978,34,No,Non-Travel,Research & Development,26,No college,Technical Degree,Low,Female,Medium,Research Scientist,High,Divorced,2029,1,No,20,Outstanding,High,2,Better
979,40,No,Travel_Rarely,Research & Development,2,No college,Medical,Medium,Female,Very high,Healthcare Representative,High,Divorced,6377,5,No,20,Outstanding,Medium,0,Better
980,34,No,Travel_Rarely,Research & Development,29,Bachelors,Medical,Medium,Male,High,Laboratory Technician,High,Married,5429,4,No,13,Excellent,Low,1,Better
981,31,Yes,Travel_Frequently,Sales,2,Bachelors,Life Sciences,High,Female,Medium,Sales Representative,Very high,Single,2785,7,No,14,Excellent,High,3,Best
982,35,Yes,Travel_Frequently,Sales,18,Masters,Marketing,Very high,Female,High,Sales Executive,High,Married,4614,0,Yes,18,Excellent,High,0,Good
983,38,No,Travel_Frequently,Research & Development,7,Bachelors,Life Sciences,Very high,Male,Very high,Research Scientist,High,Divorced,2610,1,No,11,Excellent,Very high,2,Better
984,34,No,Travel_Rarely,Research & Development,2,Masters,Technical Degree,High,Female,High,Healthcare Representative,Very high,Single,6687,1,No,11,Excellent,Very high,2,Best
985,28,No,Travel_Rarely,Sales,26,Bachelors,Life Sciences,High,Male,Medium,Sales Executive,Low,Married,4724,1,No,11,Excellent,High,0,Better
986,31,Yes,Travel_Rarely,Research & Development,22,Masters,Medical,Very high,Male,High,Manufacturing Director,High,Married,6179,1,Yes,15,Excellent,Very high,3,Good
987,39,No,Travel_Rarely,Sales,21,Masters,Life Sciences,Low,Male,Medium,Sales Executive,Very high,Married,6120,3,Yes,12,Excellent,Very high,2,Best
988,51,No,Travel_Frequently,Sales,2,Bachelors,Marketing,Medium,Male,High,Sales Executive,Medium,Married,10596,2,No,11,Excellent,Medium,5,Better
989,41,No,Travel_Frequently,Research & Development,22,Bachelors,Life Sciences,Very high,Female,High,Research Scientist,Very high,Divorced,5467,3,Yes,14,Excellent,Low,4,Good
990,37,No,Travel_Rarely,Research & Development,4,No college,Life Sciences,High,Male,High,Research Scientist,High,Married,2996,7,Yes,15,Excellent,Very high,2,Better
991,33,No,Travel_Frequently,Sales,5,No college,Life Sciences,Medium,Male,High,Sales Executive,Very high,Married,9998,6,No,13,Excellent,Low,2,Best
992,32,No,Travel_Rarely,Sales,2,No college,Marketing,High,Male,High,Sales Executive,Medium,Married,4078,0,Yes,13,Excellent,Low,3,Good
993,39,No,Non-Travel,Research & Development,25,Some college,Life Sciences,High,Male,High,Healthcare Representative,High,Married,10920,3,No,21,Outstanding,Medium,2,Better
994,25,No,Travel_Rarely,Sales,18,No college,Life Sciences,Low,Male,Very high,Sales Executive,High,Married,6232,2,No,11,Excellent,Medium,3,Good
995,52,No,Travel_Frequently,Research & Development,28,Some college,Medical,Very high,Female,Very high,Manufacturing Director,High,Married,13247,2,Yes,11,Excellent,Medium,3,Good
996,43,No,Travel_Rarely,Research & Development,6,Bachelors,Medical,Low,Female,Medium,Research Scientist,High,Single,4081,1,Yes,14,Excellent,Low,3,Bad
997,27,No,Travel_Rarely,Sales,10,Bachelors,Marketing,Very high,Female,Medium,Sales Executive,Very high,Married,5769,1,Yes,11,Excellent,Very high,3,Better
998,27,Yes,Travel_Rarely,Research & Development,17,Masters,Life Sciences,Very high,Female,High,Research Scientist,High,Single,2394,1,Yes,13,Excellent,Very high,2,Better
999,26,No,Travel_Rarely,Research & Development,2,No college,Medical,Low,Male,Medium,Research Scientist,Very high,Single,3904,0,No,12,Excellent,Very high,2,Better
1000,42,No,Travel_Rarely,Human Resources,10,Bachelors,Human Resources,High,Female,High,Manager,Low,Married,16799,0,No,14,Excellent,High,5,Better
1001,52,No,Travel_Rarely,Research & Development,8,Masters,Other,High,Female,High,Laboratory Technician,Low,Married,2950,9,No,13,Excellent,High,2,Bad
1002,37,No,Travel_Rarely,Research & Development,11,Bachelors,Medical,Low,Female,High,Laboratory Technician,High,Single,3629,4,No,18,Excellent,Low,6,Better
1003,35,No,Travel_Frequently,Research & Development,18,Some college,Life Sciences,High,Male,High,Manufacturing Director,Very high,Single,9362,2,No,11,Excellent,High,2,Better
1004,25,No,Travel_Rarely,Research & Development,1,Bachelors,Technical Degree,Low,Male,High,Laboratory Technician,Very high,Married,3229,4,No,11,Excellent,Medium,2,Good
1005,26,No,Travel_Rarely,Research & Development,7,Bachelors,Other,High,Male,Very high,Laboratory Technician,Low,Single,3578,0,No,12,Excellent,Very high,2,Better
1006,29,No,Travel_Rarely,Human Resources,17,Bachelors,Other,Medium,Male,Medium,Human Resources,Low,Single,7988,1,No,13,Excellent,Low,3,Good
1007,49,Yes,Travel_Frequently,Research & Development,28,Some college,Life Sciences,Low,Male,Medium,Laboratory Technician,Low,Single,4284,3,No,20,Outstanding,Low,2,Better
1008,29,Yes,Travel_Frequently,Research & Development,14,No college,Other,High,Female,High,Healthcare Representative,Very high,Single,7553,0,Yes,12,Excellent,Low,1,Better
1009,54,No,Travel_Rarely,Research & Development,1,Bachelors,Medical,Very high,Female,High,Research Director,Very high,Single,17328,6,No,19,Excellent,Very high,3,Good
1010,58,No,Travel_Rarely,Research & Development,1,Bachelors,Medical,Very high,Female,High,Research Director,Low,Married,19701,3,Yes,21,Outstanding,High,3,Better
1011,55,No,Travel_Rarely,Research & Development,1,Masters,Medical,Medium,Male,Very high,Research Director,Very high,Divorced,14732,2,No,13,Excellent,Very high,4,Best
1012,36,No,Travel_Rarely,Sales,3,Masters,Marketing,Low,Female,High,Sales Executive,Medium,Single,9278,3,Yes,16,Excellent,Very high,3,Better
1013,31,Yes,Travel_Frequently,Sales,1,Masters,Life Sciences,Medium,Female,Low,Sales Representative,High,Single,1359,1,No,12,Excellent,Medium,3,Better
1014,30,No,Travel_Rarely,Sales,7,Masters,Marketing,Very high,Female,High,Sales Executive,Low,Divorced,4779,7,No,14,Excellent,Medium,3,Better
1015,31,No,Travel_Rarely,Research & Development,8,Doctorate,Life Sciences,Low,Female,High,Research Director,Medium,Single,16422,3,No,11,Excellent,High,3,Best
1016,34,No,Travel_Frequently,Research & Development,1,Masters,Other,Very high,Male,High,Research Scientist,Low,Divorced,2996,5,No,14,Excellent,High,2,Better
1017,31,Yes,Travel_Rarely,Research & Development,8,Bachelors,Life Sciences,Low,Female,Medium,Research Scientist,Medium,Single,1261,1,No,12,Excellent,High,3,Best
1018,27,No,Travel_Rarely,Research & Development,11,No college,Life Sciences,Medium,Male,High,Laboratory Technician,Low,Married,2099,0,No,14,Excellent,Medium,3,Best
1019,36,No,Travel_Rarely,Research & Development,4,Masters,Life Sciences,Low,Male,Medium,Laboratory Technician,Very high,Single,5810,1,No,16,Excellent,High,2,Good
1020,36,No,Travel_Rarely,Sales,16,Masters,Marketing,High,Female,Medium,Sales Executive,Low,Married,5647,4,No,13,Excellent,Low,3,Good
1021,47,No,Travel_Rarely,Research & Development,1,Bachelors,Technical Degree,Low,Male,High,Research Scientist,Very high,Married,3420,7,No,12,Excellent,High,2,Good
1022,25,Yes,Travel_Rarely,Sales,9,Some college,Life Sciences,Low,Male,Medium,Sales Representative,Low,Married,4400,3,No,12,Excellent,Low,2,Better
1023,37,No,Non-Travel,Research & Development,5,Some college,Technical Degree,High,Male,Very high,Laboratory Technician,High,Single,3500,0,No,14,Excellent,Low,2,Bad
1024,56,No,Travel_Rarely,Research & Development,1,Some college,Life Sciences,Low,Female,High,Research Scientist,Low,Married,2066,2,No,22,Outstanding,Very high,3,Best
1025,47,No,Travel_Rarely,Research & Development,2,Masters,Medical,Low,Female,High,Research Director,High,Married,17169,3,No,19,Excellent,Medium,2,Best
1026,24,No,Travel_Rarely,Sales,4,No college,Medical,Very high,Female,High,Sales Executive,High,Married,4162,1,Yes,12,Excellent,High,3,Better
1027,32,No,Travel_Rarely,Sales,7,Doctorate,Marketing,Very high,Male,High,Sales Executive,Very high,Married,9204,4,No,12,Excellent,High,3,Good
1028,34,No,Travel_Rarely,Research & Development,1,Bachelors,Life Sciences,Very high,Female,Medium,Laboratory Technician,Medium,Married,3294,5,No,17,Excellent,Low,2,Good
1029,41,No,Travel_Rarely,Research & Development,5,Doctorate,Medical,Medium,Male,Very high,Research Scientist,High,Married,2127,2,Yes,12,Excellent,Low,5,Good
1030,40,No,Non-Travel,Research & Development,9,Masters,Other,High,Male,High,Laboratory Technician,High,Divorced,3975,3,No,11,Excellent,High,2,Best
1031,31,No,Travel_Rarely,Sales,8,Some college,Life Sciences,Low,Male,High,Sales Executive,Very high,Divorced,10793,1,No,18,Excellent,Low,5,Better
1032,46,Yes,Travel_Rarely,Sales,9,Bachelors,Marketing,Low,Male,High,Sales Executive,Very high,Divorced,10096,4,No,11,Excellent,Low,1,Best
1033,39,Yes,Non-Travel,Research & Development,2,Bachelors,Life Sciences,Low,Female,Medium,Laboratory Technician,Low,Single,3646,2,Yes,23,Outstanding,Medium,2,Best
1034,31,Yes,Travel_Frequently,Research & Development,1,Doctorate,Life Sciences,High,Female,Very high,Manufacturing Director,Medium,Single,7446,1,No,11,Excellent,Low,2,Better
1035,45,No,Travel_Rarely,Research & Development,20,Bachelors,Medical,Medium,Male,Low,Healthcare Representative,Low,Divorced,10851,2,Yes,18,Excellent,Medium,2,Better
1036,31,No,Travel_Rarely,Human Resources,8,Some college,Medical,Very high,Female,Very high,Human Resources,Medium,Single,2109,9,No,18,Excellent,Very high,3,Better
1037,31,Yes,Travel_Frequently,Research & Development,2,Bachelors,Life Sciences,Medium,Male,High,Laboratory Technician,Very high,Married,3722,6,Yes,13,Excellent,High,2,Bad
1038,45,No,Travel_Rarely,Research & Development,29,Bachelors,Technical Degree,Medium,Male,High,Manufacturing Director,Very high,Married,9380,4,Yes,18,Excellent,Very high,4,Best
1039,48,No,Travel_Rarely,Sales,7,Bachelors,Marketing,High,Male,High,Sales Executive,Low,Divorced,5486,4,No,11,Excellent,Low,3,Better
1040,34,Yes,Travel_Rarely,Human Resources,9,Masters,Technical Degree,Low,Female,High,Human Resources,High,Married,2742,1,No,15,Excellent,Very high,0,Better
1041,40,No,Non-Travel,Research & Development,8,No college,Medical,Very high,Male,Medium,Research Director,Medium,Divorced,13757,2,No,11,Excellent,High,5,Better
1042,28,No,Travel_Rarely,Sales,5,Bachelors,Medical,Very high,Male,High,Sales Executive,Low,Single,8463,0,No,18,Excellent,Very high,4,Better
1043,44,No,Non-Travel,Research & Development,5,Bachelors,Life Sciences,High,Male,Medium,Laboratory Technician,High,Single,3162,3,No,14,Excellent,Very high,5,Better
1044,53,No,Travel_Rarely,Research & Development,2,Bachelors,Medical,Very high,Male,Very high,Research Director,Medium,Single,16598,4,No,12,Excellent,Medium,2,Good
1045,49,No,Travel_Rarely,Research & Development,5,Masters,Technical Degree,Low,Male,High,Healthcare Representative,High,Married,6651,2,No,14,Excellent,Medium,0,Good
1046,40,No,Travel_Rarely,Research & Development,2,Bachelors,Medical,High,Male,High,Research Scientist,High,Divorced,2345,2,No,14,Excellent,High,3,Best
1047,44,No,Travel_Rarely,Research & Development,20,Bachelors,Life Sciences,Very high,Male,High,Research Scientist,Medium,Single,3420,1,No,13,Excellent,High,3,Good
1048,33,No,Travel_Frequently,Sales,7,Bachelors,Medical,Very high,Male,High,Sales Executive,Low,Married,4373,0,No,14,Excellent,Low,2,Better
1049,34,No,Travel_Rarely,Sales,3,Bachelors,Other,Very high,Male,Low,Sales Executive,Low,Single,4759,3,No,18,Excellent,Very high,2,Better
1050,30,No,Travel_Rarely,Sales,16,No college,Life Sciences,Very high,Male,High,Sales Executive,High,Married,5301,8,No,15,Excellent,High,2,Good
1051,42,No,Travel_Frequently,Research & Development,9,Some college,Medical,Low,Female,High,Laboratory Technician,Very high,Single,3673,1,No,13,Excellent,High,3,Better
1052,44,No,Travel_Frequently,Sales,1,Doctorate,Marketing,Low,Female,High,Sales Executive,High,Married,4768,7,No,12,Excellent,High,4,Good
1053,30,No,Non-Travel,Research & Development,7,Bachelors,Technical Degree,High,Male,High,Research Scientist,High,Divorced,1274,1,No,13,Excellent,Medium,2,Good
1054,57,No,Travel_Rarely,Research & Development,1,Some college,Life Sciences,Medium,Male,Very high,Research Scientist,High,Married,4900,0,No,24,Outstanding,Low,2,Good
1055,49,No,Travel_Rarely,Research & Development,7,Masters,Life Sciences,High,Male,High,Healthcare Representative,Medium,Divorced,10466,3,No,14,Excellent,Medium,3,Better
1056,34,No,Travel_Frequently,Research & Development,15,Bachelors,Medical,Medium,Male,High,Research Director,Low,Divorced,17007,7,No,14,Excellent,Very high,3,Good
1057,28,Yes,Travel_Frequently,Sales,1,Bachelors,Technical Degree,Low,Male,High,Sales Representative,High,Married,2909,3,No,15,Excellent,Very high,3,Best
1058,29,Yes,Travel_Frequently,Sales,13,Bachelors,Technical Degree,Low,Female,High,Sales Executive,Medium,Single,5765,5,No,11,Excellent,Low,4,Bad
1059,34,Yes,Travel_Rarely,Sales,24,Masters,Medical,Low,Female,Medium,Sales Executive,Medium,Single,4599,0,Yes,23,Outstanding,High,2,Best
1060,35,No,Travel_Rarely,Sales,7,No college,Life Sciences,Very high,Male,High,Sales Representative,High,Married,2404,1,No,13,Excellent,Low,3,Better
1061,24,Yes,Travel_Frequently,Research & Development,9,Bachelors,Medical,Medium,Male,High,Laboratory Technician,Low,Single,3172,2,Yes,11,Excellent,High,2,Good
1062,24,No,Non-Travel,Sales,13,Some college,Life Sciences,Very high,Female,High,Sales Representative,Medium,Married,2033,1,No,13,Excellent,High,2,Better
1063,44,No,Travel_Frequently,Research & Development,2,No college,Medical,Medium,Male,High,Manufacturing Director,High,Single,10209,5,Yes,18,Excellent,Medium,2,Good
1064,29,No,Travel_Rarely,Sales,19,Bachelors,Life Sciences,High,Male,Medium,Sales Executive,High,Divorced,8620,1,No,14,Excellent,High,3,Better
1065,30,No,Travel_Rarely,Human Resources,1,Bachelors,Life Sciences,High,Male,High,Human Resources,High,Divorced,2064,0,No,21,Outstanding,Low,3,Best
1066,55,No,Travel_Rarely,Research & Development,4,Masters,Life Sciences,Very high,Male,High,Healthcare Representative,High,Married,4035,0,Yes,16,Excellent,Medium,2,Better
1067,33,No,Travel_Rarely,Research & Development,4,Masters,Medical,Low,Female,Medium,Laboratory Technician,Medium,Married,3838,8,No,11,Excellent,Very high,5,Better
1068,47,No,Travel_Rarely,Sales,14,Bachelors,Medical,High,Female,High,Sales Executive,High,Married,4591,3,Yes,17,Excellent,High,4,Good
1069,28,Yes,Travel_Frequently,Research & Development,2,Some college,Medical,High,Male,Medium,Laboratory Technician,Low,Single,2561,7,No,11,Excellent,High,2,Good
1070,28,No,Travel_Rarely,Research & Development,1,Bachelors,Life Sciences,Low,Male,Medium,Research Scientist,High,Divorced,1563,1,No,14,Excellent,Very high,2,Bad
1071,28,No,Travel_Frequently,Sales,7,Bachelors,Life Sciences,High,Male,High,Sales Executive,Low,Single,4898,0,No,14,Excellent,Very high,5,Better
1072,49,No,Travel_Rarely,Research & Development,3,Some college,Medical,High,Female,Medium,Laboratory Technician,Low,Married,4789,4,No,25,Outstanding,Low,3,Better
1073,29,No,Travel_Frequently,Research & Development,2,No college,Life Sciences,Very high,Female,High,Laboratory Technician,Medium,Married,3180,0,No,13,Excellent,High,3,Better
1074,28,No,Travel_Rarely,Research & Development,29,No college,Life Sciences,High,Male,Low,Manufacturing Director,Medium,Married,6549,1,No,14,Excellent,Medium,2,Good
1075,33,No,Travel_Rarely,Research & Development,8,Doctorate,Life Sciences,Very high,Male,High,Healthcare Representative,High,Single,6388,2,Yes,17,Excellent,Low,6,Better
1076,32,No,Travel_Rarely,Research & Development,10,Bachelors,Medical,High,Male,High,Manager,Very high,Single,11244,2,No,25,Outstanding,Medium,5,Best
1077,54,No,Travel_Frequently,Research & Development,11,Masters,Medical,Medium,Female,High,Manager,Very high,Divorced,16032,3,No,20,Outstanding,Low,2,Better
1078,29,Yes,Travel_Rarely,Research & Development,1,Masters,Technical Degree,Low,Male,Medium,Research Scientist,Low,Single,2362,6,No,13,Excellent,High,2,Bad
1079,44,No,Travel_Rarely,Research & Development,28,Bachelors,Life Sciences,Very high,Male,High,Research Director,Low,Married,16328,3,No,13,Excellent,High,1,Best
1080,39,No,Travel_Rarely,Research & Development,6,Bachelors,Life Sciences,Medium,Female,High,Manufacturing Director,Medium,Single,8376,4,No,18,Excellent,Very high,3,Better
1081,46,No,Travel_Rarely,Sales,3,Bachelors,Life Sciences,High,Female,High,Manager,Medium,Married,16606,8,No,12,Excellent,Very high,2,Best
1082,35,No,Travel_Rarely,Research & Development,16,Bachelors,Life Sciences,Very high,Female,Medium,Healthcare Representative,Medium,Single,8606,1,No,19,Excellent,Very high,3,Bad
1083,23,No,Travel_Rarely,Research & Development,20,No college,Life Sciences,Low,Male,High,Laboratory Technician,High,Single,2272,0,No,14,Excellent,Medium,2,Better
1084,40,Yes,Travel_Rarely,Research & Development,9,Masters,Life Sciences,Very high,Male,High,Laboratory Technician,Low,Single,2018,3,No,14,Excellent,Medium,3,Bad
1085,34,No,Travel_Rarely,Sales,1,Bachelors,Technical Degree,Very high,Male,Medium,Sales Executive,High,Married,7083,1,Yes,14,Excellent,Very high,3,Better
1086,31,Yes,Travel_Frequently,Research & Development,3,Bachelors,Life Sciences,Very high,Female,High,Research Scientist,High,Single,4084,1,No,12,Excellent,Low,2,Bad
1087,50,No,Travel_Frequently,Research & Development,22,Doctorate,Medical,High,Male,Low,Research Director,Very high,Single,14411,1,Yes,13,Excellent,Very high,2,Better
1088,34,No,Travel_Rarely,Sales,7,Some college,Technical Degree,Medium,Male,High,Sales Representative,High,Married,2308,0,Yes,25,Outstanding,Medium,4,Better
1089,42,No,Travel_Rarely,Research & Development,2,Bachelors,Medical,High,Male,Medium,Laboratory Technician,Medium,Married,4841,4,No,14,Excellent,Medium,3,Better
1090,37,No,Travel_Rarely,Research & Development,13,Bachelors,Medical,Low,Male,High,Research Scientist,Very high,Married,4285,1,No,17,Excellent,Low,2,Better
1091,29,No,Travel_Rarely,Research & Development,8,No college,Other,High,Female,Low,Healthcare Representative,Low,Married,9715,3,No,13,Excellent,High,3,Better
1092,33,No,Travel_Rarely,Research & Development,25,Bachelors,Life Sciences,Very high,Male,Medium,Manufacturing Director,Medium,Single,4320,1,No,13,Excellent,Very high,2,Better
1093,45,No,Travel_Rarely,Research & Development,28,Bachelors,Technical Degree,Very high,Male,High,Research Scientist,Very high,Married,2132,4,No,20,Outstanding,Very high,3,Better
1094,42,No,Travel_Frequently,Research & Development,2,Bachelors,Life Sciences,Very high,Male,High,Healthcare Representative,Very high,Married,10124,2,Yes,14,Excellent,High,3,Bad
1095,40,No,Travel_Rarely,Sales,9,Some college,Medical,Low,Male,High,Sales Executive,Low,Married,5473,0,No,12,Excellent,Very high,5,Best
1096,33,No,Travel_Rarely,Research & Development,28,Masters,Life Sciences,Medium,Male,High,Laboratory Technician,High,Married,5207,1,Yes,12,Excellent,Medium,3,Better
1097,40,No,Travel_Rarely,Human Resources,6,Some college,Medical,High,Male,High,Manager,Very high,Single,16437,1,Yes,21,Outstanding,Very high,2,Better
1098,24,No,Travel_Rarely,Research & Development,21,Some college,Technical Degree,High,Male,Medium,Laboratory Technician,Low,Divorced,2296,0,No,14,Excellent,Medium,3,Better
1099,40,No,Non-Travel,Research & Development,8,Some college,Life Sciences,Very high,Male,High,Healthcare Representative,Very high,Divorced,4069,3,Yes,18,Excellent,High,2,Better
1100,45,No,Travel_Rarely,Research & Development,1,Masters,Technical Degree,Low,Male,High,Healthcare Representative,Medium,Divorced,7441,1,No,12,Excellent,Low,4,Better
1101,35,No,Travel_Rarely,Sales,28,Masters,Life Sciences,Medium,Female,Medium,Sales Representative,High,Married,2430,0,No,23,Outstanding,Low,5,Better
1102,32,No,Travel_Rarely,Research & Development,5,Some college,Life Sciences,Very high,Female,Medium,Research Scientist,Medium,Married,5878,3,No,12,Excellent,Low,2,Better
1103,36,No,Travel_Rarely,Sales,2,Masters,Life Sciences,High,Male,High,Sales Representative,Very high,Single,2644,3,Yes,21,Outstanding,Very high,3,Good
1104,48,No,Travel_Rarely,Sales,16,Masters,Life Sciences,High,Female,High,Sales Executive,High,Divorced,6439,8,No,14,Excellent,High,2,Better
1105,29,No,Travel_Rarely,Research & Development,9,Bachelors,Life Sciences,High,Male,Very high,Research Scientist,High,Married,2451,6,No,18,Excellent,Low,2,Good
1106,33,No,Travel_Rarely,Sales,8,Masters,Life Sciences,Low,Male,High,Sales Executive,Low,Married,6392,2,No,13,Excellent,Very high,6,Bad
1107,30,Yes,Travel_Rarely,Sales,1,Bachelors,Life Sciences,Medium,Male,Medium,Sales Executive,Low,Married,9714,1,No,11,Excellent,Very high,4,Better
1108,38,No,Travel_Frequently,Human Resources,10,Masters,Human Resources,High,Male,High,Human Resources,High,Married,6077,3,No,11,Excellent,High,2,Better
1109,35,No,Travel_Rarely,Research & Development,1,Bachelors,Medical,Very high,Male,Medium,Laboratory Technician,Low,Single,2450,1,No,19,Excellent,Medium,3,Better
1110,30,No,Travel_Rarely,Sales,29,Masters,Technical Degree,High,Male,High,Sales Executive,Medium,Married,9250,3,No,12,Excellent,Medium,3,Better
1111,35,Yes,Travel_Rarely,Research & Development,2,Bachelors,Life Sciences,Low,Female,High,Laboratory Technician,Low,Divorced,2074,1,Yes,12,Excellent,Very high,2,Better
1112,53,Yes,Travel_Rarely,Research & Development,2,Doctorate,Technical Degree,High,Female,Medium,Manufacturing Director,Very high,Married,10169,0,No,16,Excellent,Medium,4,Better
1113,38,Yes,Travel_Rarely,Research & Development,2,Bachelors,Medical,High,Male,High,Manufacturing Director,Medium,Married,4855,4,No,11,Excellent,Low,2,Better
1114,32,No,Non-Travel,Research & Development,1,Masters,Technical Degree,Very high,Male,High,Research Scientist,Low,Married,4087,4,No,14,Excellent,Medium,3,Good
1115,48,No,Travel_Rarely,Research & Development,15,Masters,Other,High,Female,High,Research Scientist,Low,Married,2367,8,No,12,Excellent,Very high,3,Good
1116,34,No,Travel_Rarely,Research & Development,7,Masters,Medical,Low,Male,High,Research Scientist,Very high,Single,2972,1,No,13,Excellent,High,4,Bad
1117,55,No,Travel_Rarely,Sales,26,Doctorate,Marketing,High,Male,Medium,Manager,Very high,Married,19586,1,No,21,Outstanding,High,3,Better
1118,34,No,Travel_Rarely,Research & Development,1,Masters,Life Sciences,Medium,Male,High,Research Scientist,Very high,Married,5484,9,No,17,Excellent,Medium,3,Good
1119,26,No,Travel_Rarely,Research & Development,3,Bachelors,Life Sciences,Low,Female,High,Research Scientist,Very high,Married,2061,1,No,21,Outstanding,Low,5,Better
1120,38,No,Travel_Rarely,Sales,14,Bachelors,Life Sciences,High,Male,High,Sales Executive,Medium,Married,9924,0,No,11,Excellent,Very high,3,Better
1121,38,No,Travel_Rarely,Sales,16,Bachelors,Life Sciences,Medium,Female,High,Sales Executive,Medium,Single,4198,2,No,12,Excellent,Medium,5,Best
1122,36,No,Travel_Rarely,Sales,1,Masters,Life Sciences,Medium,Female,High,Sales Executive,High,Single,6815,6,No,13,Excellent,Low,5,Better
1123,29,No,Travel_Rarely,Research & Development,3,No college,Medical,Medium,Male,High,Laboratory Technician,Low,Single,4723,1,Yes,18,Excellent,Very high,3,Better
1124,35,No,Travel_Rarely,Research & Development,10,Masters,Medical,Low,Female,High,Healthcare Representative,High,Single,6142,3,Yes,16,Excellent,High,4,Better
1125,39,No,Travel_Rarely,Sales,6,Bachelors,Medical,Very high,Male,Very high,Sales Executive,High,Married,8237,2,No,11,Excellent,Low,3,Better
1126,29,No,Travel_Frequently,Research & Development,2,No college,Life Sciences,Low,Male,High,Healthcare Representative,Very high,Divorced,8853,1,No,19,Excellent,Very high,0,Best
1127,50,No,Travel_Rarely,Sales,9,Bachelors,Marketing,High,Male,High,Manager,High,Married,19331,4,Yes,16,Excellent,High,2,Better
1128,23,No,Travel_Rarely,Research & Development,10,Bachelors,Technical Degree,Very high,Male,Very high,Research Scientist,High,Married,2073,2,No,16,Excellent,Very high,2,Better
1129,36,No,Travel_Frequently,Research & Development,6,Masters,Life Sciences,Low,Male,Very high,Laboratory Technician,Low,Married,5562,3,Yes,13,Excellent,Very high,3,Better
1130,42,No,Travel_Rarely,Research & Development,9,Some college,Other,Very high,Male,Medium,Manager,Very high,Single,19613,8,No,22,Outstanding,Very high,2,Better
1131,35,No,Travel_Rarely,Research & Development,28,Bachelors,Life Sciences,Medium,Male,Very high,Laboratory Technician,High,Married,3407,1,No,17,Excellent,Very high,3,Good
1132,34,No,Travel_Frequently,Research & Development,10,Masters,Technical Degree,Very high,Male,Medium,Healthcare Representative,High,Married,5063,1,No,14,Excellent,Medium,3,Good
1133,40,No,Travel_Rarely,Sales,14,Some college,Life Sciences,Very high,Female,High,Sales Executive,Low,Married,4639,1,No,15,Excellent,High,2,Better
1134,43,No,Travel_Rarely,Research & Development,27,Bachelors,Technical Degree,Very high,Male,Very high,Laboratory Technician,Medium,Divorced,4876,5,No,12,Excellent,High,0,Better
1135,35,No,Travel_Rarely,Research & Development,7,Some college,Life Sciences,High,Male,Medium,Laboratory Technician,Very high,Married,2690,1,No,18,Excellent,Very high,5,Good
1136,46,No,Travel_Rarely,Sales,1,Masters,Life Sciences,Very high,Male,Very high,Manager,Low,Single,17567,1,No,15,Excellent,Medium,5,Bad
1137,28,Yes,Travel_Rarely,Research & Development,24,Bachelors,Medical,High,Male,High,Laboratory Technician,Medium,Married,2408,1,Yes,17,Excellent,High,3,Better
1138,22,No,Non-Travel,Research & Development,26,Some college,Other,Medium,Female,Medium,Research Scientist,High,Married,2814,1,Yes,14,Excellent,Medium,2,Good
1139,50,No,Travel_Frequently,Research & Development,20,Doctorate,Medical,Medium,Male,High,Healthcare Representative,High,Married,11245,2,Yes,15,Excellent,High,3,Better
1140,32,No,Travel_Rarely,Research & Development,5,Masters,Other,Medium,Female,Very high,Research Scientist,Very high,Married,3312,3,No,17,Excellent,Very high,3,Better
1141,44,No,Travel_Rarely,Research & Development,7,Bachelors,Medical,Medium,Female,High,Research Director,Very high,Divorced,19049,0,Yes,14,Excellent,Very high,4,Good
1142,30,No,Travel_Rarely,Research & Development,7,Bachelors,Medical,Medium,Male,Medium,Research Scientist,Medium,Married,2141,1,No,12,Excellent,Medium,3,Good
1143,45,No,Travel_Rarely,Research & Development,5,Doctorate,Medical,High,Female,Low,Laboratory Technician,Low,Single,5769,1,Yes,14,Excellent,Low,3,Better
1144,45,No,Non-Travel,Sales,26,Bachelors,Marketing,Low,Male,Medium,Sales Executive,Low,Married,4385,1,No,15,Excellent,Low,2,Better
1145,31,No,Travel_Frequently,Sales,2,Masters,Other,Very high,Male,High,Sales Executive,Low,Single,5332,7,No,13,Excellent,Very high,3,Better
1146,36,No,Travel_Rarely,Research & Development,12,Masters,Life Sciences,High,Female,High,Manufacturing Director,High,Married,4663,9,Yes,12,Excellent,Medium,2,Better
1147,34,No,Travel_Frequently,Research & Development,10,Masters,Life Sciences,High,Male,Very high,Manufacturing Director,Very high,Divorced,4724,1,No,13,Excellent,Low,3,Better
1148,49,No,Travel_Rarely,Research & Development,25,Masters,Life Sciences,High,Female,High,Laboratory Technician,Low,Married,3211,1,No,14,Excellent,Very high,3,Good
1149,39,No,Travel_Rarely,Research & Development,10,Doctorate,Medical,Medium,Male,High,Manufacturing Director,Low,Married,5377,2,No,13,Excellent,Very high,3,Better
1150,27,No,Travel_Rarely,Research & Development,19,Bachelors,Other,Very high,Male,Medium,Laboratory Technician,Low,Divorced,4066,1,No,11,Excellent,Low,3,Better
1151,35,No,Travel_Rarely,Research & Development,18,Doctorate,Life Sciences,Medium,Male,Very high,Research Scientist,Low,Married,5208,1,No,11,Excellent,Very high,2,Better
1152,28,No,Travel_Rarely,Research & Development,27,Bachelors,Medical,Medium,Female,Low,Manufacturing Director,Low,Divorced,4877,0,No,21,Outstanding,Medium,5,Good
1153,21,No,Travel_Rarely,Research & Development,5,No college,Medical,High,Male,High,Research Scientist,Very high,Single,3117,1,No,18,Excellent,High,2,Better
1154,18,Yes,Travel_Frequently,Sales,3,Some college,Medical,Medium,Female,High,Sales Representative,Very high,Single,1569,1,Yes,12,Excellent,High,2,Best
1155,47,No,Travel_Rarely,Human Resources,26,Masters,Life Sciences,Very high,Female,High,Manager,High,Married,19658,3,No,11,Excellent,High,2,Better
1156,39,No,Travel_Rarely,Research & Development,3,Some college,Medical,High,Male,Medium,Laboratory Technician,High,Divorced,3069,0,No,15,Excellent,Very high,3,Better
1157,40,No,Travel_Rarely,Research & Development,15,Bachelors,Life Sciences,Low,Female,Medium,Manufacturing Director,High,Married,10435,1,No,13,Excellent,Very high,2,Better
1158,35,No,Non-Travel,Research & Development,8,Masters,Life Sciences,High,Female,High,Healthcare Representative,High,Married,4148,1,No,12,Excellent,Very high,5,Better
1159,37,No,Travel_Rarely,Research & Development,19,Bachelors,Life Sciences,High,Male,High,Manufacturing Director,High,Married,5768,3,No,17,Excellent,Low,2,Good
1160,39,No,Travel_Frequently,Research & Development,4,Bachelors,Medical,Low,Female,High,Manufacturing Director,High,Single,5042,0,No,13,Excellent,Very high,2,Bad
1161,45,No,Travel_Rarely,Research & Development,2,Some college,Other,Very high,Female,Medium,Manufacturing Director,Very high,Divorced,5770,1,No,19,Excellent,Low,3,Better
1162,38,No,Travel_Rarely,Research & Development,2,Some college,Medical,Very high,Female,Medium,Manufacturing Director,High,Married,7756,3,Yes,19,Excellent,Very high,6,Best
1163,35,Yes,Travel_Rarely,Sales,10,Bachelors,Medical,Very high,Male,Medium,Sales Executive,Low,Married,10306,9,No,17,Excellent,High,3,Better
1164,37,No,Travel_Rarely,Research & Development,10,Bachelors,Medical,Medium,Female,High,Research Scientist,Medium,Married,3936,1,No,11,Excellent,Low,2,Bad
1165,40,No,Travel_Rarely,Research & Development,16,Bachelors,Life Sciences,High,Female,High,Manufacturing Director,Very high,Single,7945,6,Yes,15,Excellent,Very high,2,Good
1166,44,No,Travel_Frequently,Human Resources,1,Doctorate,Human Resources,Low,Male,High,Human Resources,Very high,Married,5743,4,Yes,11,Excellent,High,3,Better
1167,48,No,Travel_Frequently,Research & Development,4,Doctorate,Medical,High,Male,Medium,Manager,Very high,Married,15202,2,No,25,Outstanding,Medium,3,Better
1168,35,Yes,Travel_Rarely,Sales,15,Some college,Medical,Low,Male,Low,Sales Executive,Very high,Divorced,5440,6,Yes,14,Excellent,Very high,2,Good
1169,24,No,Travel_Frequently,Research & Development,2,No college,Technical Degree,Low,Female,High,Research Scientist,Very high,Single,3760,1,Yes,13,Excellent,High,2,Better
1170,27,No,Travel_Rarely,Research & Development,8,Bachelors,Medical,Medium,Female,Very high,Research Scientist,High,Married,3517,7,No,17,Excellent,Low,0,Better
1171,27,No,Travel_Frequently,Research & Development,2,Bachelors,Medical,Very high,Male,High,Research Scientist,Very high,Single,2580,2,No,13,Excellent,High,0,Good
1172,40,Yes,Travel_Rarely,Research & Development,7,Bachelors,Life Sciences,Low,Male,High,Laboratory Technician,Low,Single,2166,3,Yes,14,Excellent,Medium,3,Bad
1173,29,No,Travel_Rarely,Sales,10,Bachelors,Medical,High,Male,Medium,Sales Executive,High,Single,5869,9,No,11,Excellent,High,2,Better
1174,36,No,Travel_Rarely,Research & Development,5,Masters,Life Sciences,Medium,Female,High,Healthcare Representative,Low,Married,8008,4,No,12,Excellent,High,6,Better
1175,25,No,Travel_Frequently,Research & Development,2,No college,Life Sciences,Very high,Male,Very high,Manufacturing Director,High,Divorced,5206,1,No,17,Excellent,High,6,Better
1176,39,No,Travel_Rarely,Research & Development,12,Bachelors,Medical,Very high,Male,High,Manufacturing Director,Medium,Married,5295,4,No,21,Outstanding,High,3,Better
1177,49,No,Travel_Rarely,Research & Development,22,Masters,Other,Low,Female,High,Research Director,Medium,Married,16413,3,No,16,Excellent,Medium,2,Better
1178,50,No,Travel_Rarely,Research & Development,17,Doctorate,Life Sciences,Very high,Female,Medium,Research Director,Low,Divorced,13269,5,No,15,Excellent,High,3,Better
1179,20,No,Travel_Rarely,Sales,2,Bachelors,Medical,High,Female,High,Sales Representative,High,Single,2783,1,No,19,Excellent,Low,3,Better
1180,34,No,Travel_Rarely,Research & Development,3,Bachelors,Life Sciences,Very high,Female,High,Research Scientist,Medium,Divorced,5433,1,No,12,Excellent,High,2,Better
1181,36,No,Travel_Rarely,Research & Development,7,Bachelors,Life Sciences,Low,Male,High,Laboratory Technician,Medium,Single,2013,2,No,11,Excellent,High,4,Better
1182,49,No,Travel_Rarely,Research & Development,6,No college,Life Sciences,High,Female,Medium,Healthcare Representative,High,Married,13966,2,Yes,19,Excellent,Medium,3,Better
1183,36,No,Non-Travel,Research & Development,1,Masters,Medical,Very high,Female,Medium,Manufacturing Director,High,Married,4374,0,No,15,Excellent,High,6,Better
1184,36,No,Travel_Rarely,Research & Development,3,Some college,Life Sciences,Very high,Male,Very high,Healthcare Representative,Low,Divorced,6842,6,No,20,Outstanding,Low,3,Better
1185,54,No,Travel_Rarely,Research & Development,22,Doctorate,Medical,Medium,Female,High,Manager,High,Married,17426,3,No,25,Outstanding,High,6,Better
1186,43,No,Travel_Rarely,Research & Development,15,Some college,Life Sciences,High,Male,Medium,Research Director,High,Married,17603,1,No,24,Outstanding,Low,3,Better
1187,35,Yes,Travel_Frequently,Sales,12,Masters,Other,Very high,Male,High,Sales Executive,Very high,Single,4581,3,Yes,24,Outstanding,Low,2,Best
1188,38,No,Travel_Frequently,Research & Development,1,Bachelors,Life Sciences,Very high,Male,High,Research Scientist,Very high,Married,4735,7,No,15,Excellent,Very high,4,Best
1189,29,No,Travel_Rarely,Sales,5,Bachelors,Medical,Low,Male,Medium,Sales Executive,Medium,Divorced,4187,1,Yes,13,Excellent,Medium,3,Good
1190,33,No,Travel_Rarely,Sales,2,Masters,Medical,Very high,Male,High,Sales Executive,Very high,Divorced,5505,1,No,14,Excellent,High,5,Better
1191,32,No,Travel_Rarely,Research & Development,2,Bachelors,Medical,Very high,Male,High,Research Scientist,Medium,Divorced,5470,0,No,13,Excellent,High,4,Good
1192,31,No,Travel_Rarely,Sales,5,Masters,Life Sciences,Low,Female,High,Sales Executive,Very high,Married,5476,1,No,11,Excellent,Low,2,Better
1193,49,No,Travel_Rarely,Research & Development,16,Bachelors,Medical,Very high,Female,High,Laboratory Technician,Low,Divorced,2587,4,Yes,16,Excellent,Medium,2,Good
1194,38,No,Travel_Frequently,Research & Development,2,Bachelors,Medical,Very high,Female,Medium,Laboratory Technician,Medium,Single,2440,1,No,22,Outstanding,Medium,3,Better
1195,47,No,Travel_Rarely,Sales,2,Masters,Life Sciences,Medium,Female,Very high,Manager,Medium,Divorced,15972,6,No,14,Excellent,High,2,Better
1196,49,No,Travel_Rarely,Research & Development,1,Bachelors,Life Sciences,High,Male,High,Manager,High,Single,15379,4,No,14,Excellent,Low,2,Better
1197,41,No,Travel_Rarely,Sales,23,Some college,Life Sciences,Very high,Male,High,Sales Executive,High,Single,7082,3,Yes,16,Excellent,Very high,2,Better
1198,20,No,Travel_Rarely,Sales,9,No college,Life Sciences,Very high,Male,High,Sales Representative,Low,Single,2728,1,No,11,Excellent,Low,3,Better
1199,33,No,Non-Travel,Sales,16,Bachelors,Life Sciences,High,Female,High,Sales Executive,Very high,Divorced,5368,1,Yes,25,Outstanding,High,2,Better
1200,36,No,Travel_Rarely,Research & Development,26,Masters,Life Sciences,Low,Male,High,Healthcare Representative,High,Married,5347,6,No,14,Excellent,Medium,2,Good
1201,44,No,Travel_Rarely,Human Resources,1,Bachelors,Life Sciences,High,Female,High,Human Resources,Very high,Divorced,3195,4,Yes,18,Excellent,Low,2,Better
1202,23,Yes,Travel_Rarely,Research & Development,8,No college,Medical,Very high,Male,Medium,Laboratory Technician,High,Single,3989,1,Yes,11,Excellent,Low,2,Better
1203,38,No,Travel_Rarely,Research & Development,4,Some college,Medical,Very high,Female,High,Laboratory Technician,High,Married,3306,7,No,19,Excellent,Very high,5,Good
1204,53,No,Travel_Rarely,Research & Development,24,Masters,Medical,Medium,Male,Very high,Healthcare Representative,Very high,Married,7005,3,No,15,Excellent,High,2,Better
1205,48,Yes,Travel_Frequently,Sales,7,Some college,Medical,Very high,Female,High,Sales Representative,High,Married,2655,2,Yes,11,Excellent,High,3,Better
1206,32,Yes,Travel_Rarely,Research & Development,2,Masters,Life Sciences,Very high,Male,High,Laboratory Technician,Medium,Single,1393,1,No,12,Excellent,Low,2,Better
1207,26,No,Non-Travel,Research & Development,7,Bachelors,Medical,Very high,Male,High,Laboratory Technician,Very high,Single,2570,1,No,20,Outstanding,High,5,Better
1208,55,No,Travel_Rarely,Research & Development,22,Bachelors,Technical Degree,Low,Male,Medium,Research Scientist,Medium,Divorced,3537,5,No,12,Excellent,Very high,1,Better
1209,34,No,Travel_Rarely,Research & Development,5,Some college,Medical,Medium,Male,Medium,Laboratory Technician,Very high,Married,3986,1,No,14,Excellent,High,3,Best
1210,60,No,Travel_Rarely,Research & Development,1,Masters,Medical,High,Male,Low,Healthcare Representative,Very high,Divorced,10883,3,No,20,Outstanding,High,2,Best
1211,33,No,Travel_Rarely,Research & Development,21,Bachelors,Medical,Medium,Male,Very high,Laboratory Technician,Medium,Married,2028,1,No,18,Excellent,Very high,6,Better
1212,37,No,Travel_Frequently,Sales,1,Masters,Medical,High,Male,Low,Sales Executive,Very high,Divorced,9525,1,No,14,Excellent,High,2,Good
1213,34,No,Travel_Rarely,Research & Development,19,Bachelors,Life Sciences,Medium,Female,Medium,Research Scientist,Very high,Married,2929,1,No,12,Excellent,Medium,3,Better
1214,23,Yes,Travel_Rarely,Sales,7,Bachelors,Life Sciences,High,Male,High,Sales Representative,Very high,Divorced,2275,1,Yes,21,Outstanding,Medium,2,Better
1215,44,No,Travel_Rarely,Research & Development,2,Bachelors,Life Sciences,High,Female,Very high,Healthcare Representative,Very high,Married,7879,1,Yes,19,Excellent,Medium,2,Better
1216,35,No,Travel_Frequently,Research & Development,2,Masters,Medical,Low,Male,Medium,Research Scientist,Very high,Single,4930,0,Yes,14,Excellent,High,2,Best
1217,43,No,Travel_Rarely,Sales,2,Bachelors,Medical,Very high,Male,High,Sales Executive,Very high,Married,7847,1,Yes,17,Excellent,Low,3,Better
1218,24,No,Travel_Rarely,Research & Development,9,Bachelors,Medical,High,Male,Very high,Research Scientist,High,Married,4401,1,No,16,Excellent,Very high,1,Better
1219,41,No,Travel_Rarely,Sales,6,Bachelors,Marketing,Very high,Male,High,Sales Executive,High,Single,9241,1,No,12,Excellent,Medium,3,Better
1220,29,No,Travel_Rarely,Research & Development,9,Masters,Medical,Very high,Female,High,Laboratory Technician,High,Married,2974,9,No,17,Excellent,High,2,Better
1221,36,No,Travel_Rarely,Sales,2,Masters,Life Sciences,High,Female,High,Sales Representative,Very high,Single,4502,3,No,15,Excellent,High,2,Good
1222,45,No,Non-Travel,Research & Development,1,No college,Life Sciences,High,Male,Medium,Healthcare Representative,High,Married,10748,3,No,23,Outstanding,Very high,3,Good
1223,24,Yes,Travel_Rarely,Human Resources,22,No college,Human Resources,Very high,Male,Low,Human Resources,High,Married,1555,1,No,11,Excellent,High,2,Better
1224,47,Yes,Travel_Frequently,Sales,9,Bachelors,Life Sciences,High,Male,Low,Sales Executive,High,Married,12936,7,No,11,Excellent,High,3,Bad
1225,26,No,Travel_Rarely,Research & Development,17,Masters,Medical,Very high,Male,Low,Laboratory Technician,High,Married,2305,1,No,15,Excellent,High,3,Best
1226,45,No,Travel_Rarely,Research & Development,28,Some college,Technical Degree,Very high,Female,Medium,Research Director,Medium,Single,16704,1,No,11,Excellent,High,2,Better
1227,32,No,Travel_Frequently,Research & Development,10,Bachelors,Life Sciences,Low,Male,High,Research Scientist,High,Married,3433,6,No,13,Excellent,Low,3,Good
1228,31,No,Travel_Rarely,Research & Development,2,Masters,Life Sciences,Medium,Male,High,Laboratory Technician,High,Married,3477,1,No,14,Excellent,Very high,2,Best
1229,41,No,Non-Travel,Human Resources,4,Bachelors,Human Resources,High,Male,Low,Human Resources,Medium,Married,6430,6,No,19,Excellent,Medium,4,Better
1230,40,No,Travel_Rarely,Research & Development,8,Some college,Life Sciences,Medium,Female,High,Manufacturing Director,Low,Married,6516,2,Yes,16,Excellent,Medium,3,Better
1231,24,No,Travel_Rarely,Research & Development,29,No college,Medical,Medium,Male,High,Laboratory Technician,Low,Divorced,3907,1,No,13,Excellent,Medium,2,Best
1232,46,No,Travel_Rarely,Research & Development,13,Masters,Life Sciences,High,Male,High,Healthcare Representative,Medium,Single,5562,6,No,14,Excellent,Very high,3,Better
1233,35,No,Travel_Rarely,Research & Development,27,Masters,Life Sciences,Very high,Male,High,Manufacturing Director,High,Married,6883,2,No,16,Excellent,Medium,3,Better
1234,30,No,Travel_Rarely,Research & Development,16,No college,Life Sciences,Medium,Male,High,Research Scientist,Very high,Married,2862,1,No,12,Excellent,Medium,2,Good
1235,47,No,Non-Travel,Sales,2,Masters,Marketing,High,Male,High,Sales Executive,Medium,Married,4978,7,No,11,Excellent,Very high,3,Bad
1236,46,No,Travel_Rarely,Sales,2,Bachelors,Life Sciences,High,Male,High,Sales Executive,Very high,Divorced,10368,4,Yes,12,Excellent,Medium,5,Good
1237,36,Yes,Travel_Rarely,Sales,13,Doctorate,Marketing,Medium,Male,Medium,Sales Executive,Low,Divorced,6134,5,Yes,13,Excellent,Medium,3,Better
1238,32,Yes,Travel_Rarely,Sales,1,Some college,Life Sciences,Low,Male,Low,Sales Executive,Medium,Single,6735,6,No,15,Excellent,Medium,2,Better
1239,23,No,Travel_Rarely,Research & Development,4,No college,Medical,High,Female,High,Laboratory Technician,Medium,Single,3295,1,No,13,Excellent,High,3,Bad
1240,31,No,Travel_Frequently,Research & Development,24,No college,Technical Degree,Very high,Female,High,Manufacturing Director,Very high,Single,5238,2,No,20,Outstanding,Very high,3,Good
1241,39,No,Non-Travel,Research & Development,1,Bachelors,Life Sciences,Very high,Male,High,Laboratory Technician,Very high,Married,6472,1,Yes,15,Excellent,Very high,2,Better
1242,32,No,Travel_Rarely,Sales,19,Bachelors,Life Sciences,Very high,Male,Low,Sales Executive,High,Married,9610,3,No,13,Excellent,High,2,Bad
1243,40,No,Travel_Rarely,Sales,7,Masters,Medical,Medium,Male,High,Manager,Medium,Single,19833,1,No,14,Excellent,Medium,3,Good
1244,45,No,Travel_Rarely,Human Resources,4,Bachelors,Life Sciences,High,Female,Low,Human Resources,High,Married,9756,4,No,21,Outstanding,High,2,Best
1245,30,No,Travel_Frequently,Research & Development,2,Masters,Technical Degree,Very high,Female,Medium,Research Scientist,Low,Single,4968,0,No,16,Excellent,Very high,2,Better
1246,24,No,Travel_Frequently,Human Resources,10,Bachelors,Medical,Low,Male,High,Human Resources,Very high,Married,2145,0,No,14,Excellent,Very high,2,Better
1247,30,Yes,Travel_Frequently,Human Resources,8,Bachelors,Human Resources,High,Female,Medium,Human Resources,Very high,Divorced,2180,6,No,11,Excellent,High,0,Good
1248,31,No,Travel_Rarely,Sales,5,Bachelors,Technical Degree,Low,Male,High,Sales Executive,High,Married,8346,1,No,19,Excellent,High,3,Better
1249,27,No,Travel_Rarely,Research & Development,8,Bachelors,Medical,High,Female,High,Research Scientist,Very high,Single,3445,1,No,11,Excellent,High,5,Good
1250,29,Yes,Travel_Rarely,Sales,9,Bachelors,Marketing,Medium,Female,Low,Sales Representative,Medium,Single,2760,1,No,13,Excellent,High,3,Better
1251,29,No,Travel_Frequently,Research & Development,1,Bachelors,Life Sciences,Very high,Male,Very high,Healthcare Representative,High,Single,6294,8,Yes,12,Excellent,Very high,5,Best
1252,30,No,Travel_Rarely,Sales,15,Some college,Marketing,High,Male,Medium,Sales Executive,Low,Divorced,7140,2,No,11,Excellent,Low,2,Better
1253,34,No,Travel_Rarely,Research & Development,2,Masters,Medical,Very high,Male,Very high,Research Scientist,Very high,Married,2932,0,Yes,14,Excellent,Low,3,Better
1254,33,No,Non-Travel,Sales,2,Bachelors,Marketing,Very high,Female,High,Sales Executive,Medium,Single,5147,8,No,15,Excellent,Very high,2,Good
1255,49,No,Travel_Rarely,Sales,11,Masters,Marketing,Very high,Female,High,Sales Executive,Very high,Single,4507,3,No,12,Excellent,High,1,Best
1256,33,Yes,Travel_Rarely,Sales,16,Bachelors,Life Sciences,Low,Female,High,Sales Executive,Low,Single,8564,2,Yes,20,Outstanding,High,2,Good
1257,38,No,Travel_Frequently,Research & Development,2,Some college,Medical,High,Female,Medium,Laboratory Technician,Medium,Married,2468,4,No,14,Excellent,Medium,4,Good
1258,31,Yes,Travel_Rarely,Sales,16,Masters,Marketing,Low,Male,High,Sales Executive,High,Married,8161,2,No,13,Excellent,Low,2,Better
1259,29,No,Travel_Rarely,Research & Development,4,Bachelors,Technical Degree,Very high,Female,Medium,Research Scientist,Low,Divorced,2109,1,No,13,Excellent,High,2,Better
1260,30,No,Travel_Rarely,Research & Development,16,Bachelors,Life Sciences,High,Male,Very high,Healthcare Representative,High,Married,5294,3,No,16,Excellent,High,3,Better
1261,32,No,Non-Travel,Research & Development,5,Masters,Technical Degree,Medium,Male,High,Research Scientist,Medium,Single,2718,2,No,14,Excellent,Medium,3,Better
1262,38,No,Travel_Rarely,Research & Development,18,Bachelors,Medical,Medium,Male,Low,Healthcare Representative,Very high,Married,5811,3,Yes,16,Excellent,High,2,Better
1263,43,Yes,Travel_Frequently,Research & Development,17,Bachelors,Technical Degree,High,Male,Medium,Research Scientist,High,Married,2437,9,Yes,16,Excellent,Very high,4,Better
1264,42,No,Travel_Rarely,Research & Development,12,Bachelors,Medical,Medium,Male,High,Laboratory Technician,Medium,Divorced,2766,8,No,22,Outstanding,Medium,6,Good
1265,55,No,Travel_Rarely,Research & Development,2,Bachelors,Medical,High,Male,Medium,Research Director,Low,Married,19038,8,No,12,Excellent,Medium,2,Better
1266,33,No,Non-Travel,Research & Development,4,Bachelors,Technical Degree,Very high,Male,High,Research Scientist,Medium,Divorced,3055,5,No,15,Excellent,Very high,2,Good
1267,41,No,Travel_Rarely,Research & Development,9,Masters,Life Sciences,High,Male,High,Laboratory Technician,Low,Divorced,2289,1,No,20,Outstanding,Medium,2,Better
1268,34,No,Non-Travel,Sales,10,Bachelors,Life Sciences,Very high,Male,High,Sales Executive,High,Divorced,4001,1,Yes,14,Excellent,High,3,Better
1269,53,No,Non-Travel,Research & Development,1,Masters,Medical,Low,Female,Medium,Manufacturing Director,High,Married,12965,4,Yes,20,Outstanding,Very high,2,Good
1270,43,No,Travel_Rarely,Human Resources,2,Bachelors,Life Sciences,Medium,Male,High,Human Resources,Very high,Single,3539,0,No,13,Excellent,Medium,5,Better
1271,34,No,Travel_Rarely,Sales,3,Some college,Life Sciences,Very high,Female,Low,Sales Executive,Very high,Single,6029,5,No,12,Excellent,Low,3,Better
1272,21,Yes,Travel_Rarely,Sales,7,No college,Marketing,Medium,Male,High,Sales Representative,Medium,Single,2679,1,No,13,Excellent,Medium,3,Better
1273,38,No,Travel_Rarely,Research & Development,6,Some college,Other,Very high,Female,Medium,Laboratory Technician,High,Married,3702,1,No,11,Excellent,Medium,3,Better
1274,22,Yes,Travel_Rarely,Research & Development,8,No college,Medical,High,Female,High,Laboratory Technician,Low,Married,2398,1,Yes,17,Excellent,High,6,Better
1275,31,No,Travel_Rarely,Sales,29,Masters,Marketing,Low,Female,Medium,Sales Executive,Very high,Married,5468,1,No,14,Excellent,Low,3,Better
1276,51,No,Travel_Rarely,Research & Development,3,Bachelors,Technical Degree,Low,Female,High,Manager,High,Married,13116,2,No,11,Excellent,Very high,2,Better
1277,37,No,Travel_Rarely,Sales,9,Some college,Marketing,Medium,Male,Medium,Sales Executive,Medium,Married,4189,1,No,14,Excellent,Low,2,Better
1278,46,No,Travel_Rarely,Research & Development,2,Masters,Medical,High,Male,High,Research Director,Very high,Divorced,19328,7,Yes,17,Excellent,High,3,Better
1279,36,No,Travel_Rarely,Research & Development,10,Bachelors,Life Sciences,Very high,Male,High,Healthcare Representative,Low,Married,8321,7,Yes,13,Excellent,Very high,1,Better
1280,44,Yes,Travel_Frequently,Research & Development,1,Some college,Medical,High,Male,High,Research Scientist,Medium,Divorced,2342,1,Yes,12,Excellent,High,2,Good
1281,37,No,Travel_Rarely,Human Resources,8,Some college,Other,High,Male,High,Human Resources,Medium,Divorced,4071,2,No,13,Excellent,High,4,Good
1282,35,Yes,Travel_Rarely,Sales,27,Bachelors,Life Sciences,High,Male,High,Sales Executive,Very high,Single,5813,1,Yes,18,Excellent,Very high,2,Better
1283,33,No,Travel_Rarely,Research & Development,8,Masters,Life Sciences,Very high,Male,Very high,Research Scientist,Low,Married,3143,6,No,19,Excellent,Medium,1,Better
1284,28,No,Travel_Rarely,Research & Development,1,Bachelors,Life Sciences,High,Male,High,Research Scientist,Very high,Married,2044,1,No,11,Excellent,High,6,Best
1285,39,No,Travel_Rarely,Research & Development,10,No college,Medical,High,Male,High,Research Director,High,Single,13464,7,No,21,Outstanding,High,3,Better
1286,46,No,Non-Travel,Sales,26,Some college,Life Sciences,Medium,Male,Medium,Sales Executive,Medium,Single,7991,8,No,15,Excellent,High,3,Better
1287,40,No,Travel_Rarely,Research & Development,2,Some college,Life Sciences,High,Female,High,Laboratory Technician,Low,Married,3377,4,No,17,Excellent,Very high,5,Good
1288,42,No,Travel_Rarely,Research & Development,13,Bachelors,Medical,Medium,Male,Very high,Healthcare Representative,Low,Married,5538,5,No,18,Excellent,High,2,Good
1289,35,No,Non-Travel,Research & Development,2,Some college,Medical,Medium,Male,High,Manufacturing Director,Very high,Divorced,5762,2,No,14,Excellent,High,6,Better
1290,38,No,Non-Travel,Human Resources,2,Bachelors,Human Resources,Low,Male,High,Human Resources,Medium,Divorced,2592,5,No,13,Excellent,Very high,3,Better
1291,34,Yes,Travel_Frequently,Research & Development,9,Masters,Life Sciences,Very high,Male,High,Laboratory Technician,Low,Married,5346,4,No,17,Excellent,High,3,Good
1292,37,Yes,Travel_Rarely,Research & Development,10,Masters,Medical,Very high,Male,High,Manufacturing Director,Low,Single,4213,1,No,15,Excellent,Medium,4,Bad
1293,39,No,Travel_Frequently,Sales,20,Bachelors,Life Sciences,High,Male,High,Sales Executive,Very high,Divorced,4127,2,No,18,Excellent,Very high,6,Better
1294,43,No,Non-Travel,Research & Development,9,Bachelors,Life Sciences,Low,Male,High,Research Scientist,High,Single,2438,4,No,13,Excellent,High,2,Good
1295,41,No,Travel_Rarely,Research & Development,5,Bachelors,Life Sciences,Medium,Male,Very high,Healthcare Representative,Medium,Single,6870,3,No,12,Excellent,Low,3,Bad
1296,41,No,Travel_Rarely,Sales,4,No college,Marketing,High,Female,High,Sales Executive,High,Divorced,10447,0,Yes,13,Excellent,Very high,3,Best
1297,30,No,Travel_Rarely,Research & Development,10,Bachelors,Medical,Low,Female,High,Manufacturing Director,High,Single,9667,9,No,14,Excellent,Medium,3,Better
1298,26,Yes,Travel_Rarely,Human Resources,20,Some college,Medical,Very high,Female,High,Human Resources,Medium,Married,2148,0,Yes,11,Excellent,High,3,Better
1299,46,Yes,Travel_Rarely,Research & Development,21,Some college,Medical,Very high,Female,High,Healthcare Representative,Medium,Married,8926,4,No,22,Outstanding,Very high,2,Best
1300,40,No,Travel_Rarely,Research & Development,1,Bachelors,Life Sciences,High,Female,High,Healthcare Representative,Very high,Divorced,6513,4,No,17,Excellent,Very high,3,Better
1301,34,No,Travel_Rarely,Sales,8,Some college,Technical Degree,Medium,Male,Very high,Sales Executive,High,Married,6799,1,No,21,Outstanding,High,5,Better
1302,58,No,Non-Travel,Sales,2,Bachelors,Medical,Medium,Male,High,Manager,Medium,Divorced,16291,4,No,22,Outstanding,Very high,0,Good
1303,35,No,Travel_Rarely,Research & Development,23,Masters,Medical,Medium,Male,Low,Laboratory Technician,High,Married,2705,0,No,16,Excellent,Medium,2,Best
1304,47,No,Travel_Rarely,Research & Development,4,Bachelors,Life Sciences,High,Female,Medium,Manufacturing Director,Medium,Divorced,10333,8,Yes,12,Excellent,High,4,Better
1305,40,No,Travel_Rarely,Research & Development,12,Bachelors,Life Sciences,Medium,Female,High,Healthcare Representative,Low,Divorced,4448,2,No,12,Excellent,Medium,3,Better
1306,54,No,Travel_Rarely,Research & Development,7,Masters,Medical,Very high,Female,High,Research Scientist,Very high,Married,6854,4,No,15,Excellent,Medium,2,Good
1307,31,No,Travel_Frequently,Sales,7,Masters,Marketing,Low,Female,High,Sales Executive,Low,Married,9637,2,No,14,Excellent,Very high,3,Better
1308,28,No,Travel_Rarely,Research & Development,1,Bachelors,Medical,High,Female,High,Research Scientist,Low,Married,3591,1,No,25,Outstanding,High,3,Better
1309,38,No,Travel_Rarely,Sales,2,Masters,Marketing,Medium,Female,Low,Sales Representative,Very high,Married,5405,2,Yes,20,Outstanding,Low,4,Good
1310,26,No,Travel_Rarely,Sales,10,Bachelors,Medical,High,Male,High,Sales Executive,Very high,Single,4684,1,No,13,Excellent,Low,4,Better
1311,58,No,Travel_Frequently,Research & Development,15,Masters,Life Sciences,Low,Male,High,Research Director,High,Married,15787,2,Yes,14,Excellent,Medium,3,Better
1312,18,No,Non-Travel,Research & Development,14,Bachelors,Medical,Medium,Female,High,Research Scientist,High,Single,1514,1,No,16,Excellent,High,4,Bad
1313,31,Yes,Travel_Rarely,Human Resources,18,Doctorate,Human Resources,Very high,Male,Very high,Human Resources,Low,Married,2956,0,No,17,Excellent,High,4,Better
1314,29,Yes,Travel_Rarely,Human Resources,13,Bachelors,Human Resources,Low,Male,Medium,Human Resources,Low,Divorced,2335,4,Yes,15,Excellent,Very high,3,Better
1315,45,No,Non-Travel,Sales,2,Masters,Life Sciences,High,Female,High,Sales Executive,High,Married,5154,4,No,22,Outstanding,Medium,3,Best
1316,36,No,Travel_Rarely,Research & Development,2,Masters,Other,Very high,Female,High,Research Scientist,Medium,Married,6962,4,Yes,22,Outstanding,Very high,2,Better
1317,43,No,Travel_Frequently,Sales,2,Masters,Life Sciences,Low,Male,High,Sales Executive,Very high,Married,5675,1,No,20,Outstanding,High,5,Better
1318,27,No,Travel_Frequently,Research & Development,5,Some college,Life Sciences,Very high,Female,High,Laboratory Technician,Very high,Single,2379,0,Yes,14,Excellent,High,3,Good
1319,29,No,Travel_Frequently,Research & Development,20,No college,Medical,Very high,Male,High,Laboratory Technician,Very high,Married,3812,1,No,13,Excellent,Medium,3,Best
1320,32,No,Travel_Frequently,Sales,10,Masters,Marketing,Very high,Male,High,Sales Executive,Very high,Single,4648,8,No,13,Excellent,High,2,Best
1321,42,No,Non-Travel,Research & Development,10,Masters,Technical Degree,High,Male,High,Research Scientist,High,Married,2936,3,No,22,Outstanding,Medium,1,Good
1322,47,No,Travel_Rarely,Research & Development,9,Masters,Life Sciences,Medium,Female,High,Laboratory Technician,High,Single,2105,4,No,12,Excellent,High,2,Better
1323,46,No,Travel_Rarely,Research & Development,2,Some college,Life Sciences,Very high,Male,High,Manufacturing Director,Very high,Divorced,8578,3,No,14,Excellent,High,4,Good
1324,28,No,Non-Travel,Human Resources,1,Some college,Life Sciences,High,Male,High,Human Resources,Very high,Divorced,2706,1,No,15,Excellent,Medium,2,Better
1325,29,No,Travel_Rarely,Research & Development,29,No college,Life Sciences,Very high,Male,Low,Healthcare Representative,High,Divorced,6384,8,No,17,Excellent,Very high,3,Better
1326,42,No,Travel_Rarely,Research & Development,8,Bachelors,Life Sciences,Very high,Male,High,Laboratory Technician,High,Single,3968,4,No,13,Excellent,Very high,3,Better
1327,32,Yes,Travel_Rarely,Sales,2,Masters,Marketing,High,Male,Medium,Sales Executive,Medium,Single,9907,7,Yes,12,Excellent,High,3,Good
1328,46,No,Travel_Rarely,Sales,3,Bachelors,Technical Degree,Low,Female,Very high,Sales Executive,Low,Divorced,13225,2,No,12,Excellent,Very high,5,Better
1329,27,No,Travel_Rarely,Sales,23,No college,Medical,Medium,Female,Medium,Sales Representative,High,Married,3540,1,No,21,Outstanding,Very high,5,Better
1330,29,No,Travel_Rarely,Human Resources,6,No college,Medical,Very high,Male,Medium,Human Resources,Medium,Married,2804,1,No,11,Excellent,Very high,3,Better
1331,43,No,Travel_Rarely,Research & Development,6,Bachelors,Medical,Low,Female,Medium,Manager,High,Married,19392,7,No,13,Excellent,Very high,2,Better
1332,48,No,Travel_Rarely,Research & Development,10,Bachelors,Life Sciences,Very high,Male,Medium,Research Director,Medium,Married,19665,4,No,12,Excellent,Very high,3,Better
1333,29,Yes,Travel_Frequently,Research & Development,24,Some college,Life Sciences,Very high,Male,Medium,Research Scientist,Very high,Single,2439,1,Yes,24,Outstanding,Medium,3,Good
1334,46,Yes,Travel_Rarely,Sales,10,Bachelors,Life Sciences,High,Female,High,Sales Executive,Medium,Married,7314,5,No,21,Outstanding,High,2,Better
1335,27,No,Travel_Frequently,Research & Development,15,Bachelors,Life Sciences,Very high,Female,Medium,Research Scientist,Low,Married,4774,0,No,19,Excellent,Very high,2,Good
1336,39,No,Travel_Rarely,Research & Development,19,Masters,Other,Very high,Male,High,Research Scientist,Very high,Divorced,3902,8,No,14,Excellent,Medium,2,Better
1337,55,No,Travel_Rarely,Research & Development,2,Masters,Technical Degree,Medium,Male,Medium,Research Scientist,Very high,Married,2662,8,No,20,Outstanding,Medium,2,Best
1338,28,No,Travel_Rarely,Sales,3,Bachelors,Medical,Medium,Female,High,Sales Representative,Medium,Married,2856,1,No,19,Excellent,Very high,3,Better
1339,30,Yes,Travel_Rarely,Sales,9,Bachelors,Medical,Medium,Male,High,Sales Representative,Very high,Single,1081,1,No,13,Excellent,High,3,Good
1340,22,Yes,Travel_Rarely,Research & Development,7,No college,Life Sciences,Very high,Male,High,Research Scientist,Medium,Single,2472,1,Yes,23,Outstanding,Low,2,Better
1341,36,No,Travel_Rarely,Sales,10,Masters,Technical Degree,Medium,Female,Medium,Sales Executive,High,Married,5673,1,Yes,13,Excellent,Low,4,Better
1342,31,No,Travel_Rarely,Research & Development,20,Bachelors,Life Sciences,Medium,Male,High,Laboratory Technician,High,Divorced,4197,1,No,11,Excellent,Low,2,Better
1343,34,No,Travel_Rarely,Sales,4,Bachelors,Life Sciences,High,Male,High,Sales Executive,Very high,Married,9713,2,Yes,13,Excellent,Very high,3,Better
1344,29,No,Travel_Rarely,Research & Development,7,Bachelors,Life Sciences,Very high,Male,High,Laboratory Technician,Low,Single,2062,3,No,14,Excellent,Medium,2,Better
1345,37,No,Travel_Rarely,Research & Development,7,Masters,Medical,Very high,Male,High,Research Scientist,Low,Married,4284,5,Yes,22,Outstanding,High,2,Better
1346,35,No,Travel_Rarely,Research & Development,16,Some college,Other,Very high,Female,Medium,Manufacturing Director,Medium,Married,4788,0,Yes,11,Excellent,Very high,2,Better
1347,45,No,Travel_Rarely,Research & Development,25,Some college,Life Sciences,Medium,Female,Medium,Manufacturing Director,Very high,Married,5906,0,No,13,Excellent,Very high,2,Good
1348,36,No,Travel_Frequently,Human Resources,2,No college,Human Resources,Medium,Male,Medium,Human Resources,Very high,Single,3886,1,No,21,Outstanding,Very high,2,Good
1349,40,No,Travel_Rarely,Research & Development,1,Masters,Life Sciences,Low,Male,High,Manager,Low,Divorced,16823,2,No,11,Excellent,Low,3,Better
1350,26,No,Travel_Rarely,Research & Development,1,Some college,Life Sciences,Medium,Female,Medium,Research Scientist,High,Married,2933,1,Yes,13,Excellent,High,3,Good
1351,27,No,Travel_Rarely,Sales,2,Some college,Medical,Low,Female,Very high,Sales Executive,High,Single,6500,0,No,14,Excellent,Medium,5,Good
1352,48,No,Travel_Frequently,Research & Development,22,Bachelors,Medical,Very high,Female,High,Manager,Very high,Divorced,17174,3,No,11,Excellent,Medium,3,Better
1353,44,No,Travel_Rarely,Research & Development,1,Masters,Life Sciences,Medium,Male,Very high,Healthcare Representative,Low,Married,5033,2,No,15,Excellent,Very high,5,Better
1354,34,Yes,Non-Travel,Research & Development,16,Masters,Technical Degree,Very high,Male,Low,Research Scientist,Low,Married,2307,1,Yes,23,Outstanding,Medium,2,Better
1355,56,Yes,Travel_Rarely,Research & Development,24,Some college,Life Sciences,Low,Male,High,Laboratory Technician,Very high,Single,2587,1,No,16,Excellent,Very high,3,Better
1356,36,No,Travel_Rarely,Sales,17,Some college,Marketing,High,Male,Medium,Sales Executive,Medium,Married,5507,2,No,16,Excellent,High,1,Bad
1357,41,No,Travel_Rarely,Sales,8,Bachelors,Marketing,High,Female,High,Sales Executive,Medium,Married,4393,5,No,21,Outstanding,High,3,Better
1358,42,No,Travel_Rarely,Research & Development,6,Bachelors,Medical,High,Male,High,Research Director,Low,Married,13348,9,No,13,Excellent,Medium,3,Best
1359,31,No,Travel_Rarely,Sales,10,Some college,Medical,High,Female,High,Sales Executive,Very high,Divorced,6583,2,Yes,11,Excellent,Very high,2,Better
1360,34,No,Travel_Rarely,Sales,3,No college,Medical,Very high,Female,Medium,Sales Executive,Very high,Married,8103,3,Yes,12,Excellent,High,3,Good
1361,31,No,Travel_Rarely,Research & Development,4,Bachelors,Medical,Low,Female,Very high,Laboratory Technician,High,Divorced,3978,8,No,12,Excellent,Medium,0,Good
1362,26,No,Travel_Frequently,Research & Development,6,Bachelors,Other,High,Male,Very high,Laboratory Technician,Very high,Married,2544,0,No,18,Excellent,Low,3,Better
1363,45,No,Travel_Frequently,Research & Development,1,Masters,Medical,Medium,Male,High,Healthcare Representative,High,Single,5399,4,No,12,Excellent,High,3,Better
1364,33,No,Travel_Rarely,Sales,10,Masters,Marketing,Medium,Male,High,Sales Executive,High,Single,5487,1,No,14,Excellent,Medium,2,Good
1365,28,No,Travel_Frequently,Sales,1,Some college,Life Sciences,High,Male,Medium,Sales Executive,Very high,Married,6834,1,Yes,12,Excellent,High,2,Better
1366,29,Yes,Travel_Frequently,Sales,24,Bachelors,Technical Degree,High,Male,Very high,Sales Representative,Low,Single,1091,1,No,17,Excellent,Very high,3,Better
1367,39,No,Non-Travel,Sales,21,Masters,Life Sciences,Low,Female,Low,Sales Executive,High,Married,5736,6,No,19,Excellent,High,1,Better
1368,27,No,Travel_Rarely,Research & Development,2,Masters,Technical Degree,Medium,Male,High,Research Scientist,Medium,Married,2226,1,No,11,Excellent,High,3,Good
1369,34,No,Travel_Frequently,Research & Development,22,Masters,Other,High,Male,Medium,Research Scientist,Very high,Married,5747,1,Yes,15,Excellent,Medium,3,Better
1370,28,Yes,Travel_Rarely,Sales,13,Some college,Marketing,Very high,Female,High,Sales Executive,High,Single,9854,3,Yes,11,Excellent,Very high,0,Better
1371,47,No,Non-Travel,Research & Development,14,Masters,Technical Degree,High,Male,High,Research Scientist,Medium,Married,5467,8,No,18,Excellent,High,4,Best
1372,56,No,Travel_Rarely,Sales,11,Doctorate,Marketing,Very high,Female,Medium,Sales Executive,Low,Married,5380,4,No,16,Excellent,High,3,Better
1373,39,No,Travel_Rarely,Research & Development,9,Some college,Medical,Low,Male,High,Manufacturing Director,Low,Married,5151,1,No,25,Outstanding,Very high,3,Better
1374,38,No,Travel_Frequently,Research & Development,8,Bachelors,Medical,Very high,Female,Medium,Research Scientist,Medium,Divorced,2133,1,Yes,16,Excellent,High,3,Better
1375,58,No,Travel_Rarely,Sales,21,Bachelors,Life Sciences,Very high,Female,High,Manager,Very high,Married,17875,4,Yes,13,Excellent,High,2,Good
1376,32,Yes,Travel_Frequently,Research & Development,5,Some college,Life Sciences,Low,Female,Very high,Research Scientist,High,Single,2432,3,Yes,14,Excellent,Low,2,Better
1377,38,No,Travel_Rarely,Research & Development,9,Some college,Life Sciences,Medium,Male,High,Research Scientist,Very high,Divorced,4771,2,No,19,Excellent,Very high,0,Best
1378,49,No,Travel_Frequently,Research & Development,2,No college,Life Sciences,Medium,Male,High,Research Director,Very high,Married,19161,3,No,15,Excellent,Very high,3,Better
1379,42,No,Travel_Rarely,Sales,12,Masters,Marketing,Medium,Male,High,Sales Executive,Very high,Divorced,5087,3,Yes,12,Excellent,High,4,Better
1380,27,Yes,Travel_Frequently,Human Resources,22,Bachelors,Human Resources,Low,Female,Medium,Human Resources,Medium,Married,2863,1,No,12,Excellent,Low,2,Better
1381,35,No,Travel_Rarely,Sales,18,Masters,Medical,Medium,Male,High,Sales Executive,Low,Married,5561,0,No,16,Excellent,Very high,2,Bad
1382,28,No,Non-Travel,Research & Development,16,Bachelors,Medical,High,Male,High,Research Scientist,High,Single,2144,1,No,14,Excellent,High,3,Good
1383,31,No,Non-Travel,Research & Development,3,Some college,Medical,High,Male,High,Research Scientist,Low,Divorced,3065,1,Yes,13,Excellent,Very high,3,Best
1384,36,No,Non-Travel,Research & Development,9,Masters,Life Sciences,Low,Male,Very high,Laboratory Technician,Medium,Married,2810,1,No,22,Outstanding,Medium,3,Better
1385,34,No,Travel_Rarely,Sales,1,Bachelors,Marketing,Low,Male,High,Sales Executive,Very high,Single,9888,1,No,21,Outstanding,Low,3,Good
1386,34,No,Travel_Rarely,Sales,13,Masters,Medical,Very high,Male,High,Sales Executive,High,Divorced,8628,1,No,18,Excellent,High,2,Good
1387,26,No,Travel_Rarely,Research & Development,1,Bachelors,Medical,High,Male,High,Laboratory Technician,Low,Single,2867,0,No,13,Excellent,Very high,6,Good
1388,29,No,Travel_Rarely,Research & Development,1,Bachelors,Life Sciences,Low,Male,High,Healthcare Representative,Low,Married,5373,0,No,12,Excellent,Low,5,Good
1389,32,No,Non-Travel,Research & Development,15,Masters,Medical,High,Female,High,Healthcare Representative,Very high,Divorced,6667,5,No,18,Excellent,Medium,6,Better
1390,31,No,Travel_Frequently,Research & Development,1,Bachelors,Life Sciences,Very high,Male,Low,Research Scientist,Low,Married,5003,1,No,21,Outstanding,Medium,6,Better
1391,28,Yes,Travel_Rarely,Research & Development,17,Bachelors,Technical Degree,High,Male,Medium,Laboratory Technician,Very high,Divorced,2367,5,No,12,Excellent,Low,2,Good
1392,38,No,Travel_Rarely,Sales,1,Bachelors,Life Sciences,Low,Male,Medium,Sales Representative,Low,Single,2858,4,No,14,Excellent,Low,3,Good
1393,35,No,Travel_Rarely,Sales,7,Masters,Life Sciences,High,Female,High,Sales Executive,Very high,Married,5204,1,Yes,11,Excellent,Very high,2,Better
1394,27,No,Travel_Rarely,Sales,9,Bachelors,Marketing,Very high,Male,High,Sales Executive,Very high,Single,4105,1,No,14,Excellent,Low,5,Better
1395,32,No,Travel_Rarely,Research & Development,5,Masters,Life Sciences,Very high,Male,Medium,Manufacturing Director,Very high,Single,9679,8,No,24,Outstanding,Medium,1,Better
1396,31,Yes,Travel_Frequently,Sales,26,Masters,Marketing,Low,Male,High,Sales Executive,Very high,Married,5617,1,Yes,11,Excellent,High,4,Better
1397,53,Yes,Travel_Rarely,Sales,24,Masters,Life Sciences,Low,Male,High,Sales Executive,Low,Single,10448,6,Yes,13,Excellent,Medium,2,Good
1398,54,No,Travel_Rarely,Research & Development,9,Some college,Life Sciences,Low,Female,High,Research Scientist,High,Married,2897,3,No,11,Excellent,High,6,Good
1399,33,No,Travel_Frequently,Research & Development,7,Some college,Life Sciences,Very high,Male,High,Healthcare Representative,High,Divorced,5968,1,No,20,Outstanding,High,2,Better
1400,43,No,Travel_Rarely,Research & Development,11,Bachelors,Life Sciences,Low,Male,High,Healthcare Representative,High,Married,7510,1,No,17,Excellent,Medium,1,Better
1401,38,No,Travel_Frequently,Human Resources,1,Masters,Other,Very high,Male,High,Human Resources,Medium,Married,2991,0,Yes,11,Excellent,Medium,2,Better
1402,55,No,Travel_Rarely,Human Resources,26,Masters,Human Resources,High,Male,Very high,Manager,Medium,Married,19636,4,Yes,18,Excellent,Low,0,Better
1403,31,No,Travel_Rarely,Research & Development,2,No college,Medical,Very high,Female,Low,Laboratory Technician,Very high,Divorced,1129,1,Yes,11,Excellent,High,4,Better
1404,39,No,Travel_Rarely,Sales,15,Masters,Marketing,Medium,Male,High,Sales Executive,Low,Single,13341,0,No,12,Excellent,Low,3,Better
1405,42,No,Non-Travel,Research & Development,23,Some college,Life Sciences,Very high,Male,Medium,Research Scientist,High,Single,4332,1,No,12,Excellent,Very high,2,Better
1406,31,No,Non-Travel,Research & Development,10,Bachelors,Medical,High,Female,High,Research Director,High,Married,11031,4,No,20,Outstanding,High,2,Best
1407,54,No,Travel_Rarely,Research & Development,10,Bachelors,Medical,High,Female,High,Manufacturing Director,Low,Single,4440,6,Yes,19,Excellent,Very high,3,Better
1408,24,No,Travel_Rarely,Research & Development,1,Some college,Life Sciences,Medium,Male,Medium,Healthcare Representative,High,Single,4617,1,No,12,Excellent,Medium,2,Good
1409,23,No,Travel_Rarely,Research & Development,12,Some college,Other,Very high,Male,High,Laboratory Technician,Very high,Single,2647,1,No,13,Excellent,High,6,Best
1410,40,No,Travel_Frequently,Research & Development,11,Bachelors,Technical Degree,Very high,Female,High,Laboratory Technician,High,Married,6323,1,No,11,Excellent,Low,2,Best
1411,40,No,Travel_Rarely,Sales,2,Some college,Marketing,Medium,Female,High,Sales Executive,Medium,Married,5677,3,No,14,Excellent,High,4,Better
1412,25,No,Travel_Rarely,Human Resources,2,Bachelors,Human Resources,High,Female,High,Human Resources,Medium,Married,2187,4,No,14,Excellent,High,3,Better
1413,30,No,Travel_Rarely,Research & Development,1,Some college,Medical,Very high,Male,High,Laboratory Technician,Medium,Married,3748,1,No,13,Excellent,High,6,Good
1414,25,No,Travel_Rarely,Research & Development,2,No college,Other,Very high,Male,High,Laboratory Technician,High,Divorced,3977,6,Yes,19,Excellent,High,2,Good
1415,47,No,Travel_Rarely,Research & Development,25,Bachelors,Medical,Low,Male,High,Healthcare Representative,High,Single,8633,2,No,23,Outstanding,Medium,3,Better
1416,33,No,Non-Travel,Research & Development,1,Some college,Medical,Medium,Male,Medium,Laboratory Technician,High,Divorced,2008,1,No,12,Excellent,High,2,Good
1417,38,No,Travel_Rarely,Sales,1,Masters,Life Sciences,Very high,Male,High,Sales Executive,Medium,Married,4440,0,No,15,Excellent,Low,3,Better
1418,31,No,Travel_Rarely,Sales,2,Some college,Life Sciences,Low,Male,High,Sales Representative,High,Married,3067,0,No,19,Excellent,High,1,Better
1419,38,No,Travel_Frequently,Research & Development,6,Masters,Life Sciences,Low,Male,Medium,Manufacturing Director,High,Married,5321,2,No,11,Excellent,Very high,1,Better
1420,42,No,Travel_Rarely,Research & Development,18,Masters,Life Sciences,Very high,Male,High,Research Scientist,Low,Divorced,5410,6,Yes,17,Excellent,High,3,Good
1421,41,No,Travel_Rarely,Research & Development,1,Bachelors,Life Sciences,Very high,Male,High,Research Scientist,Very high,Married,2782,3,No,22,Outstanding,Low,3,Better
1422,47,No,Non-Travel,Research & Development,1,No college,Medical,High,Female,High,Research Director,Medium,Married,11957,0,No,18,Excellent,Low,3,Bad
1423,35,No,Travel_Rarely,Research & Development,11,Masters,Medical,Very high,Male,High,Laboratory Technician,High,Married,2660,7,Yes,11,Excellent,High,3,Better
1424,22,No,Travel_Rarely,Research & Development,1,Some college,Life Sciences,Very high,Male,High,Research Scientist,High,Single,3375,0,No,12,Excellent,Very high,2,Best
1425,35,No,Travel_Rarely,Research & Development,9,Masters,Medical,Medium,Male,High,Research Scientist,High,Single,5098,1,No,19,Excellent,Medium,5,Better
1426,33,No,Travel_Rarely,Research & Development,15,Some college,Medical,Medium,Female,High,Healthcare Representative,Very high,Married,4878,0,Yes,13,Excellent,Low,6,Better
1427,32,No,Travel_Rarely,Research & Development,29,Masters,Life Sciences,High,Female,Medium,Laboratory Technician,Medium,Single,2837,1,No,13,Excellent,High,3,Better
1428,40,No,Travel_Rarely,Research & Development,1,Masters,Life Sciences,Low,Male,High,Laboratory Technician,Very high,Married,2406,8,No,19,Excellent,High,3,Good
1429,32,No,Travel_Rarely,Sales,1,Masters,Medical,Medium,Male,Medium,Sales Representative,Medium,Married,2269,0,No,14,Excellent,Medium,2,Better
1430,39,No,Travel_Rarely,Research & Development,24,No college,Life Sciences,Low,Male,High,Research Scientist,Very high,Single,4108,7,No,13,Excellent,Low,2,Better
1431,38,No,Travel_Rarely,Research & Development,10,Bachelors,Medical,Medium,Female,Low,Research Director,High,Married,13206,3,No,12,Excellent,Low,3,Better
1432,32,No,Travel_Rarely,Sales,1,Masters,Marketing,High,Female,High,Sales Executive,Very high,Married,10422,1,No,19,Excellent,High,3,Better
1433,37,No,Travel_Rarely,Research & Development,10,Bachelors,Life Sciences,High,Female,Very high,Research Director,Very high,Married,13744,1,Yes,25,Outstanding,Low,2,Better
1434,25,No,Travel_Rarely,Sales,8,Some college,Other,Low,Female,High,Sales Executive,High,Divorced,4907,0,Yes,22,Outstanding,Medium,3,Good
1435,52,No,Non-Travel,Sales,29,Masters,Life Sciences,Low,Male,High,Sales Representative,Very high,Divorced,3482,2,No,15,Excellent,Medium,3,Good
1436,44,No,Travel_Rarely,Research & Development,1,Bachelors,Medical,Medium,Male,High,Research Scientist,Very high,Single,2436,6,Yes,12,Excellent,High,2,Better
1437,21,No,Travel_Rarely,Sales,5,No college,Medical,High,Male,High,Sales Representative,Low,Single,2380,1,Yes,11,Excellent,Very high,6,Better
1438,39,No,Non-Travel,Research & Development,9,Bachelors,Life Sciences,Very high,Male,High,Manager,Very high,Single,19431,2,No,13,Excellent,High,3,Good
1439,23,Yes,Travel_Frequently,Sales,9,Bachelors,Marketing,Very high,Male,High,Sales Representative,Low,Married,1790,1,No,19,Excellent,Low,3,Good
1440,36,No,Travel_Rarely,Sales,3,Bachelors,Medical,Low,Female,Medium,Sales Executive,Very high,Married,7644,0,No,19,Excellent,High,2,Better
1441,36,No,Travel_Frequently,Research & Development,4,Some college,Life Sciences,Very high,Female,High,Manufacturing Director,Medium,Divorced,5131,7,No,13,Excellent,Medium,3,Better
1442,56,No,Non-Travel,Research & Development,1,Masters,Life Sciences,High,Male,High,Healthcare Representative,High,Divorced,6306,1,No,21,Outstanding,Low,2,Good
1443,29,Yes,Travel_Rarely,Research & Development,1,Masters,Medical,Low,Male,High,Research Scientist,Very high,Married,4787,9,Yes,14,Excellent,Medium,3,Best
1444,42,No,Travel_Rarely,Research & Development,2,Bachelors,Life Sciences,Low,Male,High,Manager,High,Married,18880,5,No,11,Excellent,Low,2,Good
1445,56,Yes,Travel_Rarely,Research & Development,7,Some college,Technical Degree,Very high,Male,High,Laboratory Technician,High,Married,2339,8,No,11,Excellent,Very high,4,Bad
1446,41,No,Travel_Rarely,Research & Development,28,Masters,Life Sciences,Low,Female,Medium,Manufacturing Director,Medium,Married,13570,0,No,23,Outstanding,High,3,Better
1447,34,No,Travel_Rarely,Sales,28,Bachelors,Marketing,Very high,Female,Medium,Sales Executive,High,Married,6712,1,No,21,Outstanding,Very high,2,Better
1448,36,No,Non-Travel,Sales,15,Masters,Marketing,Very high,Male,Low,Sales Executive,Very high,Divorced,5406,1,No,24,Outstanding,Low,4,Good
1449,41,No,Travel_Rarely,Sales,3,Bachelors,Life Sciences,High,Male,Medium,Sales Executive,Medium,Divorced,8938,2,No,11,Excellent,High,5,Better
1450,32,No,Travel_Rarely,Research & Development,2,Bachelors,Technical Degree,Very high,Male,High,Research Scientist,Low,Single,2439,1,No,14,Excellent,Very high,4,Better
1451,35,No,Travel_Rarely,Human Resources,26,Masters,Life Sciences,High,Female,High,Human Resources,Very high,Single,8837,1,Yes,16,Excellent,High,2,Better
1452,38,No,Travel_Rarely,Sales,10,Some college,Life Sciences,Low,Female,High,Sales Executive,Very high,Married,5343,1,No,11,Excellent,High,1,Better
1453,50,Yes,Travel_Frequently,Sales,1,Masters,Life Sciences,Medium,Male,High,Sales Executive,High,Divorced,6728,7,No,12,Excellent,Very high,3,Better
1454,36,No,Travel_Rarely,Sales,11,Masters,Marketing,Medium,Female,Medium,Sales Executive,Very high,Married,6652,4,No,13,Excellent,Low,2,Good
1455,45,No,Travel_Rarely,Sales,20,Bachelors,Life Sciences,Very high,Female,High,Sales Executive,High,Single,4850,8,No,15,Excellent,High,3,Better
1456,40,No,Travel_Rarely,Research & Development,2,Masters,Life Sciences,High,Male,Medium,Research Scientist,High,Single,2809,2,No,14,Excellent,Very high,2,Better
1457,35,No,Travel_Frequently,Research & Development,18,Masters,Life Sciences,High,Male,High,Healthcare Representative,High,Married,5689,1,Yes,14,Excellent,Very high,2,Best
1458,40,No,Travel_Rarely,Research & Development,2,Masters,Medical,High,Female,High,Research Scientist,High,Married,2001,2,No,14,Excellent,Medium,2,Better
1459,35,No,Travel_Rarely,Research & Development,1,Masters,Life Sciences,High,Female,Low,Research Scientist,Very high,Married,2977,1,No,12,Excellent,Very high,5,Better
1460,29,No,Travel_Rarely,Research & Development,13,Some college,Other,Very high,Male,Medium,Laboratory Technician,Medium,Married,4025,4,Yes,13,Excellent,Low,2,Better
1461,29,No,Travel_Rarely,Research & Development,28,Masters,Medical,Very high,Female,Medium,Research Scientist,Low,Single,3785,1,No,14,Excellent,Medium,3,Bad
1462,50,Yes,Travel_Rarely,Sales,28,Bachelors,Marketing,Very high,Male,Medium,Sales Executive,Low,Divorced,10854,4,Yes,13,Excellent,Medium,3,Better
1463,39,No,Travel_Rarely,Sales,24,No college,Marketing,Medium,Female,Medium,Sales Executive,Very high,Married,12031,0,No,11,Excellent,Low,2,Good
1464,31,No,Non-Travel,Research & Development,5,Bachelors,Medical,Medium,Male,High,Manufacturing Director,Low,Single,9936,0,No,19,Excellent,Medium,2,Better
1465,26,No,Travel_Rarely,Sales,5,Bachelors,Other,Very high,Female,Medium,Sales Representative,High,Single,2966,0,No,18,Excellent,Very high,2,Better
1466,36,No,Travel_Frequently,Research & Development,23,Some college,Medical,High,Male,Very high,Laboratory Technician,Very high,Married,2571,4,No,17,Excellent,High,3,Better
1467,39,No,Travel_Rarely,Research & Development,6,No college,Medical,Very high,Male,Medium,Healthcare Representative,Low,Married,9991,4,No,15,Excellent,Low,5,Better
1468,27,No,Travel_Rarely,Research & Development,4,Bachelors,Life Sciences,Medium,Male,Very high,Manufacturing Director,Medium,Married,6142,1,Yes,20,Outstanding,Medium,0,Better
1469,49,No,Travel_Frequently,Sales,2,Bachelors,Medical,Very high,Male,Medium,Sales Executive,Medium,Married,5390,2,No,14,Excellent,Very high,3,Good
1470,34,No,Travel_Rarely,Research & Development,8,Bachelors,Medical,Medium,Male,Very high,Laboratory Technician,High,Married,4404,2,No,12,Excellent,Low,3,Best
